/*
Navicat MySQL Data Transfer

Source Server         : localhost
Source Server Version : 50520
Source Host           : localhost:3306
Source Database       : bookstore

Target Server Type    : MYSQL
Target Server Version : 50520
File Encoding         : 65001

Date: 2016-04-27 17:07:03
*/

SET FOREIGN_KEY_CHECKS=0;

-- ----------------------------
-- Table structure for `admin`
-- ----------------------------
DROP TABLE IF EXISTS `admin`;
CREATE TABLE `admin` (
  `id` int(20) NOT NULL AUTO_INCREMENT,
  `name` varchar(20) NOT NULL,
  `password` varchar(50) NOT NULL,
  `tel` varchar(20) DEFAULT NULL,
  `email` varchar(20) DEFAULT NULL,
  `lastdate` datetime DEFAULT NULL,
  `grade` int(2) NOT NULL DEFAULT '1',
  PRIMARY KEY (`id`)
) ENGINE=InnoDB AUTO_INCREMENT=8 DEFAULT CHARSET=utf8;

-- ----------------------------
-- Records of admin
-- ----------------------------
INSERT INTO `admin` VALUES ('1', 'mwb', 'e10adc3949ba59abbe56e057f20f883e', '13112345678', 'zdx@zdx.com', '2016-04-24 16:45:12', '1');
INSERT INTO `admin` VALUES ('4', '张东旭', '96e79218965eb72c92a549dd5a330112', '13112345678', 'zdx@zdx.com', '2016-04-16 17:31:24', '2');
INSERT INTO `admin` VALUES ('5', 'wnn', '96e79218965eb72c92a549dd5a330112', '13112345678', 'wn@wn.com', '2016-04-16 17:31:24', '2');
INSERT INTO `admin` VALUES ('6', '吴晓海', '96e79218965eb72c92a549dd5a330112', '13112345678', 'wh@wh.com', '2016-04-16 17:31:24', '1');
INSERT INTO `admin` VALUES ('7', 'admin', '21232f297a57a5a743894a0e4a801fc3', '13029727767', '13029727767@163.com', '2016-04-25 14:48:08', '9');

-- ----------------------------
-- Table structure for `book`
-- ----------------------------
DROP TABLE IF EXISTS `book`;
CREATE TABLE `book` (
  `id` int(20) NOT NULL AUTO_INCREMENT,
  `name` varchar(30) NOT NULL,
  `booktype` int(20) DEFAULT NULL,
  `press` varchar(40) DEFAULT NULL COMMENT '出版社',
  `pressdate` date DEFAULT '2016-01-01' COMMENT '出版日期',
  `author` varchar(20) NOT NULL,
  `introduction` varchar(1000) NOT NULL COMMENT '简介',
  `marketprice` double(20,2) NOT NULL COMMENT '市场价',
  `memberprice` double(20,2) DEFAULT NULL COMMENT '会员价',
  `volume` int(20) DEFAULT '0' COMMENT '成交量',
  `inventory` int(20) DEFAULT '100' COMMENT '库存量',
  `img` varchar(50) DEFAULT NULL,
  PRIMARY KEY (`id`),
  KEY `booktype` (`booktype`),
  CONSTRAINT `book_ibfk_1` FOREIGN KEY (`booktype`) REFERENCES `booktype` (`id`) ON DELETE SET NULL ON UPDATE CASCADE
) ENGINE=InnoDB AUTO_INCREMENT=217 DEFAULT CHARSET=utf8;

-- ----------------------------
-- Records of book
-- ----------------------------
INSERT INTO `book` VALUES ('39', '人类简史', '2', '中信出版社', '2014-11-01', '尤瓦尔·赫拉利', '1、一部引发多国版权大战的神秘大书。获得波兰斯基人文学科创造力与独创性奖。 100周蝉联以色列畅销书排行榜**，在英国，9家出版商疯狂竞价。 23个国家竞相购买版权。台湾上市一周，金石堂、诚品历史类畅销书榜**，诚品总榜第八，西班牙上市两周总榜**。\r\n　　2、由书改变而成的人类简史课程风靡全球，成为希伯来大学*受欢迎课程 Coursera*受欢迎课程，mooc*受欢迎课程。\r\n　　3、这是一部“瘦身版”人类简史。如果说给我一本书，不到五百页，没有一堆令人晕头转向的年份、人名、地名、称号，就能涵盖了人类如何崛起、影响现代生活甚巨的资本主义、一神教、自由人文主义、基因工程如何兴盛的人类历史重大脉络……这是仅有的一部！\r\n　　4、分四大部分描述人类大历史。一大开创性在于打通文字发明前后历史的界限；填补传统人类史的3大鸿沟：历史观与哲学观之间的鸿沟（提供有史实根据的深刻哲学思考）人类和生态系统之间的鸿沟（读者多从生态来思考，而不是只讲人类的利益）集体和个人之间的鸿沟（检视历史事件如何影响到当时一般人的生活）。学界和大众都一致认可，戴蒙德推荐。新锐历史学家，用通俗的语言和新鲜的视角，将个体的幸福放在人类发展的过程中审视，不再错过历史中*关键、*有意思的部分。\r\n　　5、涵盖了生物学，人类学，哲学，心理学，一书，文学，伦理学等众多领域。也涉及幸福，生命的意义等众多话题，有人说这是一部个人幸福探索之路。  ', '68.00', '42.00', '0', '1000', '/BookStore/static/bookimgs/23580032-1_x_2.jpg');
INSERT INTO `book` VALUES ('40', '全球通史', '2', '北京大学出版社', '2006-10-01', '斯塔夫里阿诺斯', '本书分八个部分，四十四个章节，主要讲述了世界历史的进化，世界文明的发展及其对现代社会的影响。作者着眼于全球，侧重于那些有影响的、促进历史发展的历史事件，其中包括原始社会、欧亚大陆的古代文明、欧亚大陆的原始文明、欧亚以外的世界、地区分割后的世界、西方世界的崛起、西方人统治的世界、西方的衰落与成功等八个主要的部分。重点突出，主题鲜明，着重有三个主要的问题，即（1）欧洲扩张的根源；（2）欧洲扩张前的儒家文化、穆斯林和其它非欧洲的世界；（3）欧洲扩张的各个历史时期：伊比利亚时期，荷兰、法国、英国时期，沙俄时期。本书为上册。\r\n　　斯塔夫里阿诺斯的这部潜心力作自1970年初版问世以来，赞誉如潮．被译成多种语言流传于世，可谓经典之中的经典。第7版在保留原文精华的基础上．融入了时新的研究成果．新增了数百幅生动珍贵的图片和脉络清晰的地图，使这部名著在内容和体系上更加完善。作者文笔隽永，笔力深厚，才思横溢，整部著作风格前后一贯，令您在颇具历史韵律的行文中思接千载、视通万里。', '96.00', '60.50', '0', '100', '/BookStore/static/bookimgs/9231298_1243518.jpg');
INSERT INTO `book` VALUES ('41', '耶路撒冷三千年', '2', '民主与建设出版社', '2015-01-01', '张倩红', '读《耶路撒冷三千年》，了解耶路撒冷的历史，就会明白世界为何演变成今天的模样。　　耶路撒冷曾被视为世界的中心，是基督教、犹太教和伊斯兰教三大宗教的圣地，是文明冲突的战略要冲，是让世人魂牵梦绕的去处，是惑人的阴谋、虚构的网络传说和二十四小时新闻发生的地方。　　西蒙·蒙蒂菲奥里以客观、中立的角度，依年代顺序，生动讲述了耶路撒冷的故事。透过士兵与先知、诗人与国王、农民与音乐家的生活，以及创造耶路撒冷的家族来呈现这座城市的三千年瑰丽历史，还原真实的耶路撒冷……', '78.00', '44.50', '0', '100', '/BookStore/static/bookimgs/2014110409123053.jpg');
INSERT INTO `book` VALUES ('42', '史记（精装全三册）', '3', '岳麓书社', '2011-07-19', '【汉】司马迁', '《史记》是由司马迁撰写的中国第一部纪传体通史。《史记》最初没有固定书名，或称“太史公书”，或称“太史公传”，也省称“太史公”。“史记”本是古代史书通称，从三国时期开始，“史记”由史书的通称逐渐成为“太史公书”的专称。该书记载了上自上古传说中的黄帝时代，下至汉武帝元狩元年间共3000多年的历史。与后来的《汉书》、《后汉书》、《三国志》合称“前四史”。《史记》参考了众多典籍，如《左传》、《国语》、《世本》、《战国策》、《楚汉春秋》和诸子百家等，同时参考档案、民间古文书籍。司马迁还亲自采访，进行实地调查。', '98.00', '58.80', '0', '100', '/BookStore/static/bookimgs/QQ截图20160416130234.png');
INSERT INTO `book` VALUES ('43', '剑桥中国史（精装全11册 ）', '3', '中国社会科学出版社', '1992-02-18', '（英）崔瑞德、（美）费正清', '《剑桥中国史》（The Cambridge History ofChina）是一部世界上极具影响的国外研究中国历史的权威著作，由英国剑桥大学出版社出版，费正清、崔瑞德任全书主编。全书共15卷，分成17冊（第5卷及第9卷分上下冊），目前已经出版13卷。中国社会科学出版社已经翻译出版了其中11卷。\r\n  《剑桥中国史》是一部完全由西方学者撰写的中国历史，沿袭西方汉学研究一贯坚持的严谨作风，广泛引用文献材料，注重文献的辨伪和考订。由于东西历史文化的差异，该书在许多历史问题上提出了新的观点和质疑，也许有的问题，是我们早已习以为常而从没有考虑过的。所有这些来自于另外一种世界观和价值观的东西，必将极大地丰富我们的思想和开阔我们的视野。', '999.00', '599.00', '0', '120', '/BookStore/static/bookimgs/QQ截图20160416130746.png');
INSERT INTO `book` VALUES ('44', '极简欧洲史(新版)', '2', '广西师范大学出版社', '2011-04-01', '约翰·赫斯特', '本书热销欧美，中文繁体版2010年4月出版，即跃居台湾诚品连锁书店、金石堂连锁书店、博客来网络书店畅销榜Top10超过半年。\r\n　　澳大利亚知名历史学家约翰·赫斯特在《你一定爱读的极简欧洲史（新版）》中的一场引人入胜的探索，为我们梳理出欧洲文明所以能改变全世界的各种特质。\r\n　　作者从三大元素：古希腊罗马文化、基督教教义以及日耳曼战士文化开篇，描述了这三大元素如何彼此强化，又相互对立，最终形塑为欧洲文明的内核；继而在诸多世纪以来催生帝国与城邦，激发征服与十字军东侵，造就出许多性格截然分明的人物──如仁慈的皇帝、好斗的教皇、侠义的骑士，乃至世上第一批享受繁荣和启蒙果实的公民。\r\n　　《你一定爱读的极简欧洲史（新版）》以清晰、幽默、发人深省的笔调，杂以活泼的插图，叙述了一个不同凡响的文明。', '25.00', '15.00', '0', '100', '/BookStore/static/bookimgs/QQ截图20160416130958.png');
INSERT INTO `book` VALUES ('45', '资治通鉴(全四册)', '3', '岳麓书社', '2009-01-21', '（宋）司马光', '《资治通鉴》是司马光及其助刘攽、刘怒、范祖禹等根据大量的史料编纂而成的一部编年体史书，记载了上起周威烈士二十三年（公元前403年），下讫后周世宗显德六年（公元959年）共1362年的历史。书中描绘了战略至五代期间的历史发展脉络，探讨了秦、汉、晋、隋、唐等统一的王朝和战国七雄、魏蜀吴三国、五胡十六国、南北朝、五代十国等几十个政权的盛衰之由，生动地刻画了帝王将相们的为政治国、待人处世之道，以及他们在历史旋涡中的生死悲欢。', '128.00', '76.80', '0', '122', '/BookStore/static/bookimgs/QQ截图20160416131036.png');
INSERT INTO `book` VALUES ('46', '我的应许之地：以色列的荣耀与悲情', '2', '中信出版社', '2016-04-01', '阿里沙维特（Ari Shavit）', '一部当之无愧的以色列史诗，百年犹太民族艰难复兴史，讲述了一个悬崖边国家的荣耀与悲情。\r\n\r\n 《我的应许之地》比《耶路撒冷三千年》更深入这个国度的灵魂，本书以一个个真实的故事直击人心，道出了以色列人的心灵隐秘。\r\n\r\n 荣登《纽约时报》年度畅销书榜，雄踞兰登书屋、《纽约时报书评》《经济学人》的年度好书榜单。\r\n\r\n 荣获纳坦图书奖、美国国家犹太图书奖、安尼斯菲尔德-沃尔夫图书奖。', '68.00', '51.00', '0', '120', '/BookStore/static/bookimgs/QQ截图20160416131253.png');
INSERT INTO `book` VALUES ('47', '三国志（文白对照全三册）', '3', '华夏出版社', '2011-01-12', '章惠康', '一、本书旨在帮助读者读懂《三国志》原文，排版采用左、右两栏排列：左栏为原文，右栏为译文，左右对照，阅读方便，也便于检验译文是否正确和落到实处。\r\n二、本书原文依照中华书局标点本，对其校勘，径直改正，即删去圆括“()”及“某”和方括弧“[ ]”，保留校勘字。对标点本点校疑义处，我们再三酌情，定于一是，在译文中改正。\r\n三、为方便读者，本书将原文中的古字、繁体字均改为简体字，异体字采用常用字，通假字则不改。 \r\n四、本书译文是在今注的基础上进行的，以直译为主，辅以意译，力求准确、明达。对于抽象的论说和疏、诏以及总结性特强、行文跳跃、又用典故、极难译的评和赞，则适当采取意译的办法。\r\n五、《三国志》通行本原有[南朝·宋]裴松之的注，它增补了大量的史料，弥足珍贵，具有重要价值。今将裴松之的注附在各卷之末。\r\n六、《三国志》全书65卷，其中《魏书》30卷，《蜀书》15卷，《吴书》20卷。本书分为三册：第一册卷一至卷十六；第二册卷十七至卷三十九；第三册卷四十至卷六十五。书之末还附有附录五篇。', '75.00', '61.70', '0', '133', '/BookStore/static/bookimgs/QQ截图20160416131156.png');
INSERT INTO `book` VALUES ('48', '世界小史', '2', '广西师范大学出版社', '2016-01-01', '[英]恩斯特贡布里希', '本书由著名艺术史家贡布里希撰写，一经出版便受到热烈欢迎。作者用成熟睿智的文笔，将人类自古至今几千年的历程浓缩在这本小书里，为读者描绘了一幅幅神态鲜明、脉络清晰的景象： 猛犸象猎人栖身的简陋山洞，在广阔水域上闪闪发光的雅典卫城，黑烟滚滚的迦太基城废墟，充满雄性荷尔蒙和血泪的罗马斗兽场，折戟沉沙的无敌舰队，只剩断壁残垣的圆明园，还有硝烟弥漫的二战战场。随着贡布里希的讲述慢慢推进，当我们意识到历史的存在的时候，它已经近在我们眼前了。\r\n\r\n 从来没有一本讲述世界历史的书，像《世界小史》一样，能用如此简练生动、优雅平和的语言，勾勒出时而辉煌灿烂，时而暗夜茫茫的文明进程中，人类对自由、平等、博爱不屈不挠的追求，以及对抗压迫、邪恶、黑暗的无畏勇气。如果说《世界小史》能带给读者什么，那边是对人性、对人类未来永不止息的美好期待。', '48.00', '28.00', '0', '111', '/BookStore/static/bookimgs/20160125105448104.jpg');
INSERT INTO `book` VALUES ('49', '阿拉伯通史（第10版，全二册）', '2', '新世界出版社', '2015-05-01', '（美）希提', '《阿拉伯通史》以其洋洋洒洒达700多页的文字篇幅，完成了一个全面扎实的基础性工程，是了解阿拉伯世界的首要读物。\r\n\r\n 　　《阿拉伯通史》首先讲述了阿拉伯人的祖先，阿拉伯人的先知穆罕默德的出现和伊斯兰教的兴起，以及早期的哈里发制度。然后，追溯了伊斯兰教势力在几十年时间里迅速扩张的过程：他们穿过北非，进入伊比利亚半岛，跨越比利牛斯山脉，北上至西部法兰西的普瓦蒂埃，北部到达拜占廷帝国的安纳托利亚，向东则进入中国的西部地区。\r\n\r\n       通史记录了伍麦叶王朝（公元661—750年）和阿巴斯王朝(公元750一1258年)这两个阿拉伯中央帝国的兴衰始末，二者曾分别定都于大马士革和巴格达，后者直到被蒙古的旭烈兀所率领的铁骑攻陷后而遭到毁坏。\r\n\r\n       通史还讲述了阿拉伯文明全盛时期的故事，还有它对欧洲文艺复兴所作的巨大贡献。统一的阿拉伯帝国被割据势力搞得四分五裂，继之而来的就是分别在埃及、西班牙和其他地方出现的一些阿拉伯小王朝；非阿拉伯的穆斯林人物渗透到阿拉伯都市社会的精英阶层之中，他们当中有波斯人、突厥人、柏柏尔人和麦木鲁克人，这种状况所造成的后果就是阿拉伯历史的支离破碎。', '98.00', '49.00', '0', '111', '/BookStore/static/bookimgs/default.jpg');
INSERT INTO `book` VALUES ('50', '全球通史－从史前史到21世纪', '3', '北京大学出版社', '2006-10-11', '（美）斯塔夫里阿诺斯', '《全球通史(培文书系)》是斯塔夫里阿诺斯的潜心力作，自1970年初版问世以来，赞誉如潮．被译成多种语言流传于世，可谓经典之中的经典。第7版在保留原文精华的基础上．融入了时新的研究成果．新增了数百幅生动珍贵的图片和脉络清晰的地图，使这部名著在内容和体系上更加完善。作者文笔隽永，笔力深厚，才思横溢，整部著作风格前后一贯，令您在颇具历史韵律的行文中思接千载、视通万里。', '42.00', '32.00', '0', '140', '/BookStore/static/bookimgs/QQ截图20160416131505.png');
INSERT INTO `book` VALUES ('51', '世界历史很有趣：袁腾飞讲美国史', '2', '民主与建设出版社', '2015-06-04', '袁腾飞', '《世界历史很有趣》系列，是中国通俗讲史界代表人物袁腾飞倾力打造的世界历史书系。袁sir以独具特色的生动有趣的讲史风格，一本书讲一个国家，选取一个国家历史上最重要、最有趣、最有味的故事，知识性与趣味性完美结合，成为广大读者了解世界历史、增长知识的首选书系。\r\n　　《世界历史很有趣：袁腾飞讲美国史》为系列最重磅之作，也是袁腾飞最满意之作！资料新颖，权威可信，图文并茂，有趣、敢说、靠谱，一本书让你轻松读懂美国史，精彩再现美国从殖民地到世界第一强国的冰与火之歌！\r\n　　\r\n　　袁sir经典语录：\r\n●美国宪法一直到今天依然有效，增加了23条修正案，可见美国政治的超稳定性。开国元勋们把规则全都制定好了，后人按照这个规则玩儿就行了。宪法是国家的根本大法，不能老改，老改就证明这个国家政局混乱。\r\n●美元上的头像大都是历届有威望的总统，百元大钞上的头像不是总统，而是著名科学家、金融家、政治家富兰克林，他虽然没有当过美国总统，但是他最值钱。美国人为什么要把华盛顿印在1美元上，林肯印在5美元上？因为常用，100美元不常用，一块钱天天使。\r\n●美国一个县法院都可以给总统下传票，总统可以不来，但是你得派律师到庭。如果总统说一个破县法院传我？甭理他！那你麻烦就大了，藐视法庭罪过不小。权力肯定会带来腐败，绝对的权力带来的是绝对的腐败。', '39.00', '19.00', '0', '111', '/BookStore/static/bookimgs/QQ截图20160416131947.png');
INSERT INTO `book` VALUES ('52', '希腊史（全三卷）', '2', '吉林出版集团有限责任公司', '2016-01-01', '[英]伯里', '伯里的《希腊史》是一部以政治史和军事史为主轴的通史著作，讲述从史前到亚历山大去世之间希腊大陆、小亚细亚、西西里、大希腊、利比亚等地希腊政体变迁及军事斗争的历史。除序言和引言外，全书共18章。本卷主要讲述爱琴文明、荷马时代和古风时代的希腊历史。卷一，伯里从政治和军事的视角，重新审视了爱琴文明、特洛伊战争、多利亚人的征服、大殖民运动、泛希腊赛会、雅典和斯巴达不同的发展道路等重大论题。贯穿该卷的主线是民主因素在希腊各邦的逐渐发展壮大。\r\n卷二内容主要涉及公元前五世纪希腊的政治军事史，围绕四个重大事件展开，即希波战争、西西里与迦太基的第一次战争、雅典帝国、伯罗奔尼撒战争。波斯到底有没有征服希腊的野心？雅典还是斯巴达应该对伯罗奔尼撒战争负责？狂热的党派斗争会在多大程度上诱使人类呈现出最丑恶的一面？民主是不是个好东西？对于上述问题，伯里将批判地利用希罗多德、修昔底德、色诺芬的记述，给出明确的答案。\r\n卷三主要讲述公元前四世纪希腊的历史。希腊大陆上，斯巴达、雅典、底比斯、佛基斯霸权的盛衰兴替；在希腊文明的边缘地区，色萨利的伊阿宋和卡里亚的摩索拉斯几乎成为希腊世界的主宰；在西西里和大希腊，叙拉古的狄奥尼修斯帝国通过与迦太基的战争发展壮大，建立起庞大的西西里帝国。然而，荣辱兴盛，万源归宗。在“独眼巨人”腓力二世的领导下，地处希腊边陲的马其顿迅速崛起；在“阿喀琉斯的苗裔”亚历山大率领下，马其顿人在短短8年内横扫六合，不但将希腊本土纳入其保护之下，而且征服了埃及、波斯、印度等古老的文明。亚历山大攻无不克的致胜法宝是什么？他有哪些弱点？卷三伯里将给出他的答案。\r\n本书自1900年初版以来，以平实流畅的语言、均衡合理的框架和扎实全面的史料，成为西方世界最受欢迎的希腊史通史教材和入门读物，并畅销不衰，至今仍是欧美各大学历史课堂上的必读经典。而伯里对政治史和希腊历史总体进程的把握，对中国读者来说，具有重要的意义。', '268.00', '134.00', '0', '111', '/BookStore/static/bookimgs/99999990000030069.jpg');
INSERT INTO `book` VALUES ('53', '光荣与梦想（精装全四册）', '2', '中信出版社', '2015-04-01', '[美] 威廉· 曼彻斯特', '这不是一本书，这是一个时代。\r\n　　自1974年问世以来，《光荣与梦想》一直为无数人念念不忘。这部伟大的作品巧妙地浓缩了美国从1932-1972年的40年丰富历史。著名通俗历史作家威廉曼彻斯特以数任美国总统的执政与竞选为明线，从让胡佛颜面尽失的“胡佛村”“胡佛车”等、罗斯福史无前例的四次当选，一路说尽杜鲁门、艾森豪威尔、肯尼迪，直至让尼克松下台的水门事件，同时不动声色地细致描画美国1932-1972年的40年社会发展历程，内容涵盖“补偿金大军”风潮、经济大萧条、人权运动、麦卡锡主义、种族隔离制度、两次世界大战、原子弹研发、空间竞赛到冷战、朝鲜战争、越南战争等。\r\n　　曼彻斯特将美国这40年间的政治、经济、军事、社会、艺术、科学、时尚、音乐、娱乐，甚至生活热点、妇女的服装潮流、口头语的变化、性观念的更迭全景式重现。曼彻斯特更将美国社会放在全球背景下描述，如此强烈的对比，勾起读者的强烈兴趣。\r\n　　而最为读者推崇的是，曼彻斯特对新闻写作手法的大师级运用。他将宏大的历史大部头变成了一幕幕精彩纷呈的连续剧。他在大事时采用宏观视角，又在细节处多线并进，如电影中的蒙太奇手法，让读者穿梭于不同历史事件。在他的笔下，40年的点点滴滴尽现眼前，全书无处不在的历史厚重感和磅礴气势，与曼彻斯特恰到好处的幽默感相结合，让那一段久远的历史变得立体而鲜明。\r\n　　正是因为这一切，《光荣与梦想》才被誉为经典，是一个时代的记忆。这是一本了解美国精神气质缘起的书，也是一本启迪了无数作者的经典，更是无数人的精神导师，是任何人都不能拒绝的思想盛宴。', '236.00', '188.00', '0', '111', '/BookStore/static/bookimgs/QQ截图20160416142802.png');
INSERT INTO `book` VALUES ('54', '第三帝国的兴亡（全二册，名著名译）', '2', '世界知识出版社', '2012-01-03', '（美）夏伊勒', '《第三帝国的兴亡》是全世界最畅销的反映纳粹德国历史的巨著。它精彩绝伦地记述了被希特勒称为“千秋帝国”(即第三帝国)从兴起到覆灭的全部过程。在短短的12年零4个月中，不可一世的第三帝国在人类历史上制造了惨绝人寰的灾难，留下了一段惊心动魄的历史。随着崩溃的迅速到来，人们缴获了大量秘密文件，私人日记、发言记录以及纳粹党领导人的电话录音[于是，一个极臨独裁政权的全部秘密和罪恶活动就在它覆灭的同时全部公主子世了。这就是本书大量的、真实的资料来源。\r\n　　作者威廉．夏伊勒(WilliamLShirer)是美国著名的驻外特派记者、新闻分析员与世界现代史学家。他在二战期间担任哥伦比亚广播公司的战地记者；报道了大量有关纳粹德国从柏林兴起到灰亡的整个经过。该书最初于1959年出版，刚一面世就立即轰动了整个世界。英国著名历史学家特雷弗。罗珀在《纽约时报》上称赞也是将“活着的证人能够与史实结为一体”的非凡杰出的历史学家。本书以大量无可辩驳的事实成为迄今论述纳粹德国最具权威的作品。\r\n　　本书译者权威、由董乐山等九位“大家”亲自执笔翻译，阵容空前。自引进至今，本书已成为中国读者阅读希特勒和他的纳粹德国最为畅销的经典作品。', '118.00', '70.00', '0', '111', '/BookStore/static/bookimgs/QQ截图20160416143045.png');
INSERT INTO `book` VALUES ('55', '大英博物馆世界简史', '2', '新星出版社', '2013-11-01', '尼尔·麦格雷戈', '《大英博物馆世界简史》由大英博物馆和BBC联合打造，由大英博物馆馆长尼尔麦格雷戈亲自撰写，一共动员100多名馆员、400多名专家，编撰时间长达4年，从大英博物馆800万件馆藏中精选了100件最具代表性的物品，全面展现了人类200万年文明史。这是一项“全世界只有大英博物馆才能办到的世界史撰写计划”，以广播形式在BBC播出时，创下了1100万人口同时收听的纪录，《纽约时报》盛赞其为“空前绝后的巨献”。', '108.00', '64.00', '0', '111', '/BookStore/static/bookimgs/QQ截图20160416143517.png');
INSERT INTO `book` VALUES ('56', '德国史稿', '2', '吉林出版集团有限责任公司', '2016-01-01', '[德]兰克', '本书是兰克名著《宗教改革》的续篇，记述了从1555年奥格斯堡宗教和约到1618年三十年战争爆发前的历史。第一部分讲述奥地利的斐迪南一世和马克西米利安二世，第二部分讲述鲁道夫二世及其统治时代，作者详细论述了1575—1619年历次雷根斯堡宗教会议，以及德意志各个教派的联盟等一系列问题。全书是研究德国16世纪下半期到17世纪初的重要著作。特别是对皇帝鲁道夫二世、马蒂亚斯的宰相克勒塞尔枢机主教等人的描写尤为精彩，在政治上新旧教双方在法理上的争执也尤为激烈。', '78.00', '39.00', '0', '111', '/BookStore/static/bookimgs/99999990000038639.jpg');
INSERT INTO `book` VALUES ('57', '下南洋', '2', '江苏文艺出版社', '2014-01-01', '《下南洋》摄制组', '南洋，在太平洋和印度洋之间，有两万多个岛屿，像上帝洒落在地球海洋上的一颗颗珍珠。也许由于它特殊的地理位置，在数百年间，它成为人类历史上东西方文明相互碰撞和融合的最前沿之地和试验场。\r\n　　在这样的文化洗礼和融合下，中国人是如何葆有自己的传统，如何历经血与火的苦难和血泪？\r\n　　财富的成功和梦想创造呈现出一种全新的面貌，中华文明在这块土地上呈现出完全不一样的形态。\r\n　　《下南洋》不仅讲述了华人在异国远乡建造家园的故事，更通过他们的艰难生存历史，来反观大多数中国人的当下生活、传承、困惑和命运。', '38.00', '7.60', '0', '111', '/BookStore/static/bookimgs/QQ截图20160416144006.png');
INSERT INTO `book` VALUES ('58', '旧制度与大革命', '2', '商务印书馆', '2012-08-21', '（法）托克维尔', '1789年法国人以从所未有的最大努力，将自己的命运断为两截，把过去与将来用一道鸿沟隔开。但他们不知不觉中从旧制度继承了大部分情感、习惯、思想，他们利用了旧制度的瓦砾来建造新社会的大厦。因此，若要充分理解大革命及其功绩，必须去考察那逝去的、坟墓中的法国。\r\n   法国大革命有两个截然不同的阶段，第一阶段似乎要摧毁过去的一切；第二阶段要恢复部分已被遗忘的东西。旧制度有大量法律和政治习惯在1789年突然消失，几年后重又出现，恰如某些河流沉没地下，又在不太远的地方重新冒头，使人们在新的河岸看到同一水流。\r\n   这部《旧制度与大革命》给我们带来了什么新东西，发了什么前人所未发的新意？托克维尔开宗明义就指出，他从事的是“关于法国革命的研究”，而不是写另一部大革命史。既是“研究”，就要提出问题。从各章题目就可以知道作者要解决的是哪些问题。从方法论说，这也可以称为后来“年鉴学派”创导的问题史学。例如，托克维尔企图说明：何以全欧洲几乎都有同样的政体，它们如何到处都陷于崩溃？何以封建特权对法国人民比在其他地方变得更为可憎？何以中央集权行政体制是旧制度的体制，而不是大革命或帝国的创造？何以18世纪的法国的人们比其他国家人民更彼此相似，同时又彼此分离，漠不相关？尽管文明不断进步，何以18世纪法国农民的处境有时甚至比13世纪的农民处境更恶劣？何以18世纪法国文人成为国家的主要政治人物？何以法国人宁愿先要改革，后要自由？何以行政革命先于政治革命？路易十六时期是旧王朝最繁荣时期，这种繁荣如何加速了革命？等等。每一个问题几乎都可写成专著。\r\n　　与19世纪一些思想家、哲学家——从斯塔埃尔夫人到基内——不同，托克维尔不是凭空“思考”法国革命，而是扎扎实实地依靠对原始材料的分析研究得出结论。他阅读、利用了前人从未接触过的大量档案材料，包括古老的土地清册、赋税簿籍、地方与中央的奏章、指示和大臣间的通信、三级会议记录和1789年的陈情书。他是第一个查阅有关国有财产出售法令的历史家；他还努力挖掘涉及农民状况和农民起义的资料。根据这些史料，他得以深入了解、具体描绘旧制度下的土地、财产、教会、三级会议、中央与地方行政、农民生活、贵族地位、第三等级状况等，并阐发自己的论点。', '48.00', '40.00', '0', '100', '/BookStore/static/bookimgs/QQ截图20160416144400.png');
INSERT INTO `book` VALUES ('59', '日本史', '2', '海南出版社', '2016-01-01', '（美）麦克莱恩', '　　自近代以来，中国人对这个邻邦日本的讨论和争议一直热度不减，交织了无视、好奇、仇恨、欣赏、羡慕、警惕等极为复杂的情感。经历了残酷战争的洗礼和正常邦交的磨合，现在的中国人越来越趋于理性地看待时下的中日关系，而理性的生发，源于一颗愿意了解的心。\r\n　　此版《日本史》是了解近代日本历史的必读之书，海南出版社*初从三个版本的日本史中精心挑选了这本，足见版本之优。詹姆斯·L.麦克莱恩用“大事件”与“小故事”相结合的叙事手法，使人惊讶于严肃的历史著作也能这么写！历史老师的必读书。\r\n　　读者推荐\r\n　　这本书给我的**感受，作为一部通史，读起来更像是一部跨度极长的小说而不是用苦涩难懂的字眼堆起来的文献，这正是这本书的魅力所在。\r\n　　——蘑菇我好喜欢你（豆瓣网友）\r\n　　怀旧的流行是一种方法，它利用昨天的实际经历来为明朝不确定的生活做好准备。当人们对变化了的世界感到没有把握的时候，以往的舒适和惬意往往能够缓解现存的忧虑，并提供一个道德指南，在未知的将来发扬光大。这是我看过*有诗意的历史书。\r\n　　——花森（豆瓣网友）', '88.00', '44.00', '0', '100', '/BookStore/static/bookimgs/QQ截图20160416144520.png');
INSERT INTO `book` VALUES ('60', '拥抱战败', '2', '生活.读书.新知三联书店', '2015-10-01', '[美] 约翰·W.道尔', '《拥抱战败》介绍日本作为现代国家的兴起令人震惊：更迅猛、更无畏、更成功，然而最终也比任何人能够想象的更疯狂、更危险、更具有自我毁灭性……这是一部美国学者的日本史研究著作，文本中所涉及的语言、文化背景与学术资源的复杂性超乎想象。', '70.00', '42.00', '0', '100', '/BookStore/static/bookimgs/QQ截图20160416144630.png');
INSERT INTO `book` VALUES ('61', '美国史（全4册）', '2', '广东南方日报出版社', '2012-12-01', '（美）乔治·布朗·廷德尔', '本书全方位、多角度介绍美国历史，从发现新大陆、建国到崛起、繁荣的过程，揭示美国强大的发展历程。按照时代顺序，描述发生在美国历史上的大大小小事件，展现各个种族的移民在新大陆筚路蓝缕的开拓与建设，展现美国人探索社会制度与经济发展的卓有成效的脉络。全书内容翔实，细节丰富，描写简洁生动，图文并茂，大量精美的图片帮助读者感受真实的时代气息。', '188.00', '94.00', '0', '100', '/BookStore/static/bookimgs/QQ截图20160416144843.png');
INSERT INTO `book` VALUES ('62', '张鸣帝国的溃败', '2', '东方出版社', '2015-06-01', '张鸣 著', '擅于写“小历史”的张鸣，这一次是带着研究体系回来的。\r\n《帝国的溃败》开篇直指“帝国溃败的根源”——养人的官僚制度、怀柔的天下体系。由此之下，亦不失笔锋犀利、细致入微的帝国细节。\r\n读过“灭秦者，秦也”，知道宋朝激烈党争的清帝乾隆，身在帝国官僚制度之中，甚至是它至关重要的一部分，再精明，也没发摆脱、根除这个帝国顽疾；而当他面对英国使节马嘎尔尼的到访，所表现出的怀柔天下的大国风范，实则为目空一切的自以为是，是杀死他大清帝国的另一个病根。\r\n王朝末年，不管是李鸿章、袁世凯，还是康梁二公，多少能人都挽不回颓势。他们捣鼓出的洋务运动、清末新军、戊戌变法，在体制不改的情况下，收获甲午战败是必然的结局。帝国的最后几年，经将就木的帝国和西太后，做出了立宪改制的重要决策。但为时已晚，此时的清廷尽失政治强人，只知揽权的青年贵胄把最后的支持者——地方士绅立宪派得罪得够呛，最终被革命党夺了天下。\r\n民国，是近代史中最精彩纷呈的部分，各路名角儿先后登场。政治上，孙中山、袁世凯关于江山的角力，带来了南北议和、北伐、国民政府统治这些“大历史”；与此同时，民间则是在联省自治、军阀混战、币制改革的缝隙中，演绎着生动的“小历史”。而那些毁灭帝国的劣根性，并没有随王朝倾覆而消失。\r\n历史的惯性带着中华帝国的顽疾，以不可抗力来到了当今。作为大学老师，张鸣也没有放过当今社会的诸多毛病，依旧是笔力浸透细微处：教育行政化、寒门无贵子，中国人变得焦虑、浮躁、不敬业、不信任……过去的历史不是读过就完了，还要用来引以为鉴。', '39.00', '23.00', '10', '100', '/BookStore/static/bookimgs/QQ截图20160416145133.png');
INSERT INTO `book` VALUES ('63', '1968撞击世界之年', '2', '民主与建设出版社', '2016-01-01', '[美]马克·科兰斯基', '1968，改变世界的一年。    1968，美国深陷越南战争的泥淖，数万人丧生。    1968，世界多地的学生们走出校园，在街头游行。在巴黎，学生在墙上涂鸦：“越做爱，越想革命。”    1968，“上帝也许撤除了对美国的保佑”，罗伯特·肯尼迪和马丁·路德·金遇害。    1968，比夫拉大饥荒，10 0万平民死于饥饿。    1968，先锋戏剧与现代女权运动蓬勃兴起。波兰和捷克斯洛伐克的理想主义破灭。    1968，墨西哥发生了大屠杀。“阿波罗8号”绕月飞行。    1968，这是最好的一年，也是最坏的一年。有着无限的可能性，让人激动，令人难忘。\r\n    这部里程碑式的杰作，全景式地记录了这一年发生的重大事件。世界的变化，年轻人的选择，由此构筑了当今世界的面貌。\r\n    1968年令人激动人心的地方在于，全世界难以计数的人们都拒绝对世上诸多不平之事保持沉默。如果别无选择，他们会走上街头，呐喊示威，这给世界带来了一丝难得的希望，即哪里有不公，哪里就回有人揭露它，并试图改变它。——马克·科兰斯基', '78.00', '66.00', '116', '95', '/BookStore/static/bookimgs/QQ截图20160416145309.png');
INSERT INTO `book` VALUES ('64', '野蛮大陆：第二次世界大战后的欧洲', '2', '社会科学文献出版社', '2015-09-02', '（英）罗威　', '　第二次世界大战给欧洲留下一片混乱。地形地貌被彻底改变，许多城市被夷为平地，数千万人惨遭屠戮。在欧洲大陆绝大多数地方，我们今天习以为常的机构——比如警察、传媒、交通、地方政府和全国政府——要么付之阙如，要么破败不堪。罪恶横行，经济崩溃，欧洲人挣扎在饥饿边缘。\r\n　　在这部研究战后初年历史的开创性著作中，基思·罗威描绘了一片仍然被暴力缠绕的大陆，在那里，有相当部分民众仍未相信战争已然结束。他勾勒了道德败坏的沦亡景象，以及永不餍足的复仇渴望，这是长期冲突的后遗症。他描绘了种族清洗和国内战争，这些事件撕裂了从波罗的海到地中海的普通民众的生活，他还描绘了重新建立的世界秩序，最终为这片支离破碎的大陆带来稳定。他告诉我们，上述情形存在于整个欧洲——东欧如此，西欧亦然。', '72.00', '54.00', '0', '100', '/BookStore/static/bookimgs/QQ截图20160416145426.png');
INSERT INTO `book` VALUES ('65', '罗马史(精装本)', '2', '商务印书馆', '2015-09-02', '[德]特奥多尔·蒙森', '本书详尽地叙述了自远古至共和国末期将近1000多年的罗马历史，阐述了罗马从偏于一隅的弹丸小国如何一步步成为地跨欧亚非三洲的国家的过程及其原因，并指出了罗马在日渐强盛中已经蕴含衰亡的种子。本书视野开阔，论证严密，在涉及这一古代时期的各个领域都达到了百科全书式的广度。作品文笔洗练，叙事生动，富于戏剧性，人物形象鲜明，达到了历史性和文学性的完美结合。\r\n\r\n 1902年，蒙森因这部专著获得诺贝尔文学奖，成为迄今为止第一位获得这一殊荣的历史学家。本书也成为研究罗马史的权威之作。瑞典学院在颁奖词中评价道：“今世最伟大的纂史巨匠，此点于其巨著《罗马史》中表露无疑。”', '398.00', '355.00', '0', '100', '/BookStore/static/bookimgs/QQ截图20160416145531.png');
INSERT INTO `book` VALUES ('66', '三国志（全五册）(二十四史繁体竖排)', '3', '中华书局', '1982-07-14', '（晋）陈寿 撰，（宋）裴松之 注', '三国是我国封建社会历史发展过程中具有特色的历史时期，即魏、蜀、吴三国鼎立。三国的历史大致经过了九十年，也就是说从公元190年军阀混战始至公元280年晋灭吴统一南方止。但也有不少史学家以曹丕称帝的公元220年算起。如果仔细考察三国的历史，还是以公元190年算起更为科学，因为在魏、蜀、吴三国形成之前，确有一段形成过程。', '126.00', '102.00', '0', '100', '/BookStore/static/bookimgs/QQ截图20160416152213.png');
INSERT INTO `book` VALUES ('67', '再度觉醒', '2', '外语教学与研究出版社', '2015-12-01', '普里莫·莱维', '1945年，普里莫？莱维与另一些奥斯维辛幸存者，被苏联红军从德国死亡营中解救出来，返回意大利时，经历了一段奇妙而坎坷的旅程。莱维经过了苏联、匈牙利、罗马尼亚，途遇形形色色的幸存者：出生在集中营的无名幼童，精明独立的希腊人，轻快活泼的乌克兰姑娘，向意大利人寻求庇护的德国军妓……每一个人都怀揣着不同的故事，要去往不同的地方，但每一个人都依靠生之意志坚强地活着。对莱维而言，这是一段绝无仅有的休战期：不仅指外部世界的休战，也是经历了奥斯维辛摧残之后，试图重返光明、重建秩序之前的过渡阶段。这本记忆之书，载满了死亡、流离与痛苦，也记录了信仰、希望与勇气。', '38.00', '23.00', '0', '100', '/BookStore/static/bookimgs/QQ截图20160416152346.png');
INSERT INTO `book` VALUES ('68', '战国策 ( 全二册)', '3', '中华书局', '2012-06-20', '缪文远　校注，缪伟，罗永莲　译注', '《战国策》为“中华经典名著全本全注全译丛书”之一种，作者不详。西汉刘向对其进行了整理，分为东西周、秦、齐、楚、赵、魏、韩、燕、宋、卫、中山等策，共三十三篇。这部书记载了战国两百多年间各国在政治、军事、外交方面的一些活动，以及策士们在游说诸侯或相互辩难时所提出的政治主张和斗争策略，对后世产生了长远影响。本次约请专家以清代黄丕烈《士礼居丛书》覆宋本作底本，并广泛参考了先贤时彦的研究成果进行注释、翻译。', '76.00', '65.00', '0', '102', '/BookStore/static/bookimgs/QQ截图20160416152443.png');
INSERT INTO `book` VALUES ('69', '三国志(上下册)精--中华国学文库', '3', '中华书局', '2011-01-12', '（晋）陈寿撰，（宋）裴松　之注', '《中华国学文库》是我们追慕前贤、服务当代的产物，因此，它自当具备以下三个基本特点：\r\n    一、《文库》所选均为中国学术文化的“最要之书”。举凡哲学、历史、文学、宗教、科学、艺术等各类基本典籍，只要是公认的国学经典，皆在此列。 \r\n    二、《文库》所选均为代表当代最新学术水平的“最善之本”，即经过精校精注的最有品质的整理本。其中既有传统旧注本的点校整理本，如朱熹《四书章句集注》，也有获得学界定评的新校新注本，如余嘉锡《世说新语笺疏》。总之，不以新旧为别，惟以善本是求。\r\n    三、《文库》所选均以新式标点、简体横排刊印。中国古籍向以繁体竖排为标准样式。时至当代，繁体竖排的标准古籍整理方式仍通行于学术界，但绝大多数国人早巳习惯于现代通行的简体横排的图书样式。《文库》作为服务当代公众的国学读本，标准简体字横排本自当是恰当的选择。\r\n    《中华国学文库》将逐年分辑出版，每辑十种，一次推出；期以十年，以毕其功。在此，我们诚挚希望得到学术界、出版界同仁的襄助和广大读者的支持。', '83.00', '63.00', '0', '103', '/BookStore/static/bookimgs/QQ截图20160416152556.png');
INSERT INTO `book` VALUES ('70', '眼前——漫游在《左传》的世界', '3', '广西师范大学出版社', '2016-02-26', '唐诺', '唐诺反复出入《左传》的世界，一次次试图走入子产、赵武、申公巫臣乃至孔子、左丘明等历史人物的内心世界，探索春秋时代最杰出的头脑在其时其地究竟看到、想到了什么，他们某一言行究竟有着何种深远的积淀与思考，从而认出藏在历史缝隙里最好的人最好的事，也让春秋时代呈现出一个更为复杂深邃、立体可感的世界。情欲之事、鬼神之说、弭兵之会、小国家的大灵魂、两千多年前的梦、春秋战国的繁花般思维……由此出发，作者旁征博引，以文学的视角，围绕八个问题进行叩问和延伸，令人惊叹地将实然历史变成哲学思索的场域，陈旧的千年文本开始荡漾进此时此刻，是为《眼前》。', '39.00', '23.00', '0', '104', '/BookStore/static/bookimgs/QQ截图20160416152711.png');
INSERT INTO `book` VALUES ('71', '从俾斯麦到希特勒', '2', '译林出版社', '2016-01-01', '塞巴斯蒂安哈夫纳', '《从俾斯麦到希特勒》回顾了从普鲁士王国的“铁血宰相”俾斯麦如何创建德意志帝国，直到希特勒的第三帝国将日耳曼民族的国家带往毁灭之路的历史。从俾斯麦到希特勒，本书为读者提供了德国历史发展的一条脉络，并由此来激发读者反思，现在的德国处境与当初德意志的发展有什么不同。通过与哈夫纳的精神对话，读者会对欧洲以及德国的历史有更深入的了解。', '42.00', '25.00', '0', '100', '/BookStore/static/bookimgs/QQ截图20160416152914.png');
INSERT INTO `book` VALUES ('72', '中国通史', '3', '上海古籍出版社', '2009-04-22', '吕思勉 著', '《中國通史》完成於一九三九年，分上、下兩册，上册十八章，分門别類地敍述中國社會經濟制度、政治制度和文化學術的發展情况，内容包括婚姻、族制、政體、階級、財產、官制、選舉、赋税、兵制、刑法、實業、貨幣、衣食、住行、教育、語文、學術、宗教等十八類；下册三十六章，按時間順序敍述中國政治的變革。《中國通史》上册於一九四。年三月由上海開明書店出版，由於當時出版條件的艱難，下册拖延到一九四四年九月出版。至一九四八年，上册重印到第七版，下册重印到第六版。一九九二年八月，《中國通史》由華東師範大學出版社以《吕著中國通史》為書名新版印行，文字上有不少删改。一九九七年三月，《中國通史》亦以《吕著中國通史》之名收人中國經濟出版社“企業萬有文庫．文化科學卷”。二○○五年十二月，華東師範大學出版社出版《吕著中國通史》第二版，删改處大都按原貌恢復。二○○八年三月，新世界出版社將書名改為《中國文化史(插圖珍藏本)》出版。二○○八年四月，上海科學技術文獻出版社以《吕著中國通史》為名收入“館藏拂塵”叢書。同時，又有海潮出版社改書名為《吕思勉中國文化史（插圖珍藏版）》，收入“國學大講堂’，叢書，編者增添了二级目錄，並有較多的删節。\r\n《中國通史》在上一世紀八十年代初，經楊寬、吕翼仁先生校訂。本次出版，以上海開明書店的初版為底本，參考了楊寬、吕翼仁先生的校訂成果。原書繁體直排、單行夾注，改馬繁體横排、單行夾注，并做一册。為保存著作的原貌，除訂正了原書的誤植之外，其他如習惯用詞、行文遣句、概念術語、人名地名等，均未作改動。', '35.00', '27.00', '0', '105', '/BookStore/static/bookimgs/QQ截图20160416152813.png');
INSERT INTO `book` VALUES ('73', '世界历史百科知识', '2', '江苏美术出版社', '2015-08-01', '《微经典》编委会', '编者在尊重史实的基础上，将世界历史分为史前、古代、中古、近代、现代五个阶段，用简明扼要、生动轻松的叙述方式，从政治、经济、文化、科技、军事等方面解读世界历史，编成了本书。本书起笔自人类的起源和形成，止笔于第二次世界大战结束，收录了约500个历史词条。这一个个历史词条串联起来，再现了世界历史的基本框架，讲述了历史上风云人物的功过是非、重大历史事件的来龙去脉以及各项制度的发展历程。全书脉络清晰，思维严密，力求使读者在阅读之后，对世界历史脉络了然于胸，并从中挖掘有用的精华。', '12.80', '3.70', '0', '100', '/BookStore/static/bookimgs/QQ截图20160416153029.png');
INSERT INTO `book` VALUES ('74', '白话资治通鉴', '3', '新世界出版社', '2011-01-11', '（宋）司马光　著，黄锦鋐　主编', '一部豪杰纵横天下的“帝王之书”、“权谋之书”、“生存之书”。\r\n　　“有写史，有考史，有论史, 兼具这三方面的成就…….大者纲提领挈，细者缕析毫分……”\r\n　　——钱穆\r\n　　本书由台湾学者黄锦鋐主持翻译，台湾二十七位教授译。译文以紧贴原著为**要务，文字简洁典雅，不以“现代眼光”做解人，不平添枝叶，不擅作发挥，以拙驭巧，让读者讲到“干干净净的《资治通鉴》，干干净净的司马君实”。\r\n　　这是一部豪杰纵横天下的“帝王之书”、名臣良将从政经略的“权谋之书”、芸芸众生安身立命的“生存之书”。\r\n　　全书分册基本以朝代及重大事件为分界，保持单册内容的相对完整。便于读者搜寻。', '498.00', '249.00', '0', '107', '/BookStore/static/bookimgs/QQ截图20160416152919.png');
INSERT INTO `book` VALUES ('75', '史记', '3', '中国画报出版社', '2013-03-13', '（西汉）司马迁 著，孙广宇　译', '《史记》是中国**部纪传体通史。全书共一百三十卷，约五十二万六千五百字，分为十表、八书、十二本纪、三十世家、七十列传，记载了上起中国上古传说中的黄帝时代，下至汉武帝元狩元年（公元前122年）共三千多年的历史。它是作者司马迁花费了18年的时间和毕生心血，继承父业完成的巨制。《史记》与班固的《汉书》、范晔的《后汉书》、陈寿的《三国志》合称“前四史”；与宋代司马光编撰的《资治通鉴》并称“史学双璧”。《史记》是一部伟大的名著，它反映了我国汉代以前三千年间政治、经济、文化各方面的发展过程。它不同于前代史书所采用的以时间为次序的编年体，或以地域为划分的国别体，而是以人物传记为中心来反映历史内容的一种体例。司马迁善于突出人物的性格特征，通过人物的言行来表现人物，以自身极高的文学素养，塑造了历史上诸多令人难忘的杰出人物，在文学史上占有重要地位，具有极高的文学价值，被鲁迅誉为“史家之绝唱，无韵之离骚”。本书的甄选以“**才华”、“*为人称道”、“*重要的历史事件”为标准，选取《史记》中若干佳作篇章，以精准的白话译文，参考各类历史文献和资料，对原作进行一对一的译写。希望能够以这种方式，为读者呈现出原汁原味的《史记》、更易阅读和欣赏的《史记》、更具有参考价值的《史记》。', '36.00', '21.10', '0', '109', '/BookStore/static/bookimgs/QQ截图20160416153026.png');
INSERT INTO `book` VALUES ('76', '1776美国的诞生', '2', '商务印书馆', '2015-08-01', '[美]戴维麦卡洛', '美国独立战争的关键一年是1776年，两度普利策奖得主、作家戴维麦卡洛在众多的史料中挖掘出背后的故事，对华盛顿率领美军和英军战斗的历史给出了与众不同的描述。这是一部严谨的历史著作，更是一部充满跌宕起伏故事的文学著作。 　', '48.00', '42.00', '0', '100', '/BookStore/static/bookimgs/QQ截图20160416153202.png');
INSERT INTO `book` VALUES ('77', '古拉格：一部历史', '2', '新星出版社', '2013-02-01', '（美）安妮阿普尔鲍姆', '在这部受到普遍称赞的权威性著作中，安妮?阿普尔鲍姆第一次对古拉格——一个大批关押了成百上千万政治犯和刑事犯的集中营——进行了完全纪实性的描述，从它在俄国革命中的起源，到斯大林治下的扩张，再到公开性时代的瓦解。阿普尔鲍姆深刻地再现了劳改营生活的本质并且将其与苏联的宏观历史联系起来。\r\n　　《古拉格》出版之后立即被认为是一部人们期待已久的里程碑式的学术著作，对于任何一个希望了解二十世纪历史的人来说，它都是一本必读书。', '78.00', '53.00', '11', '100', '/BookStore/static/bookimgs/QQ截图20160416153552.png');
INSERT INTO `book` VALUES ('78', '罗马帝国衰亡史', '3', '吉林出版集团有限责任公司', '2014-10-15', '[英]爱德华·吉本　著，席代岳　译', '《罗马帝国衰亡史（1-6）（套装共6册）》是真正堪称经典的屈指可数的著作之一：如果开列出必须收藏阅读20部西学经典，必有《罗马帝国衰亡史》；如果开列出必须收藏阅读的10部中外史学名著，也必有《罗马帝国衰亡史》。《罗马帝国衰亡史（1-6）（套装共6册）》文字高妙，语言优美，可读性强。是罕见的可以作为文学作品阅读的学术经典。《罗马帝国衰亡史（1-6）（套装共6册）》是中国大陆通行的《罗马帝国衰亡史》诸汉译本的**全译本。本书揭示了历史盛衰兴替之规律，可做齐身、持家、治国之镜鉴。', '368.00', '302.00', '0', '109', '/BookStore/static/bookimgs/QQ截图20160416153515.png');
INSERT INTO `book` VALUES ('79', '钱穆先生全集：国史大纲（繁体竖排全二册）', '3', '九州出版社', '2011-07-06', '钱穆　著', '《国史大纲》是钱穆先生最具影响力的代表作品。\r\n《国史大纲》是一部中国通史，力求简要，举其大纲，删其琐节。在不到1000页的篇幅里，其人物之详、事业之备，又显示了作者驾驭繁复历史的伟力，整书纲举目张，简繁得当。\r\n《国史大纲》纵论中华传统学术思想、政治制度、社会风气之演变发展，兼及中外形势，以求我国家历史之通贯一体，明其治乱盛衰之所由，阐其一脉相承之统系，指陈吾民族生命精神之所寄。\r\n钱穆先生著述本书于抗战期间，在国家危亡中，读书人以笔为戎，以“历史最完备之国家”为著述之深厚根基，洋洋洒洒近80万言，荡气回肠，以激扬国人之民族精神，因应现实，更作为抗战建国之镜鉴。\r\n九州版《国史大纲》，以“钱宾四先生全集编辑委员会”整理编辑而成的联经一九九八年《钱宾四先生全集》中版本为底本，重排新校，全面订正文中体例、格式、标号、文字等方面存在的疏误，至于本书内容以及“钱宾四先生全集编辑委员会”的注解说明等，新校本保留原貌。', '138.00', '103.00', '0', '135', '/BookStore/static/bookimgs/QQ截图20160416153642.png');
INSERT INTO `book` VALUES ('80', '资治通鉴：礼品装家庭必读书（全六册）', '3', '辽海出版社', '2012-01-17', '（宋）司马光', '《资治通鉴》是中国历史上规模最大、成就最高的编年体通史，由北宋政治家、史学家司马光等历时19年编辑而成，成书后即被奉为皇太子“第一必读治国教材”，随后成为历代人臣竞相抄录以经世致用的权威读本。', '198.00', '189.00', '0', '152', '/BookStore/static/bookimgs/QQ截图20160416153819.png');
INSERT INTO `book` VALUES ('81', '故宫营造', '4', '中华书局', '2015-07-01', '单士元　', '《故宫营造》为单士元先生关于故宫建筑的学术随笔集。是典雅文存第四号作品。内容包括故宫建筑的历史及其保护。书中配有131幅故宫建筑图片。', '56.00', '44.70', '0', '100', '/BookStore/static/bookimgs/QQ截图20160416153905.png');
INSERT INTO `book` VALUES ('82', '资治通鉴', '3', '江苏美术出版社', '2015-05-20', '《微经典》编委会', '《资治通鉴》是北宋史学家司马光主编的中国**部编年体通史，它在收集史料、考订事实、编排年月及文字剪裁润色等方面，都代表了古代编年体史书的**成就，一向为史学界所推崇。它也是一部伟大的文学著作。全书语言简明扼要、生动流畅，艺术手法匠心独运，观察视角敏锐深刻，不仅形象地再现了波澜壮阔的历史画面，而且成功地塑造了大量栩栩如生的历史人物形象。\r\n本书精选原著各卷中**史学和文学艺术价值的历史片段，以胡克家本为基础，参考其他文献进行了整理，不仅在**程度上避免了原文的讹误、缺漏等现象的出现，而且也十分注意提升译文的准确性和生动性，使得全书既具有学术的可靠性，又兼具文学作品的可读性。', '12.00', '3.00', '0', '107', '/BookStore/static/bookimgs/QQ截图20160416153929.png');
INSERT INTO `book` VALUES ('83', '故宫藏美', '4', '中华书局', '2014-01-01', '朱家溍', '《故宫藏美》为朱家溍谈古代艺术的学术随笔集，共分古代书画、古代工艺美术、清宫戏曲三个部分。\r\n　　朱家溍作为文史大家，故宫文物鉴定大家，又生长在一个文物收藏的世家，他一生寓目过大批国宝级文物，他凭借自己这一得天独厚的经历以及渊博的文物学养，写就本书，详尽谈论了古代书画的流派风格演变和收传次序；古代文物的真赝辨识；古代工艺美术的形成和流派；谈古代戏曲的开端和传承。是一部关于古代文化艺术鉴赏的权威之作。', '49.00', '39.00', '0', '100', '/BookStore/static/bookimgs/QQ截图20160416154010.png');
INSERT INTO `book` VALUES ('84', '史记', '3', '江苏美术出版社', '2015-05-20', '《微经典》编委会', '《史记》是汉代司马迁撰写的中国**部纪传体通史，对后世史学和文学的影响至为深远。全书共五十二万六千五百余字，记载了上起传说时代的黄帝（约公元前3000年），下至汉武帝（约公元前122年）共三千多年的历史，全面地叙述了纵贯三千年的政治、经济、军事、文化等各个方面的历史发展，完整地再现了中国上古时期的历史画卷。自东汉末年开始在士大夫阶层中流传的《史记》，多年来出现了多个版本，其中的清同治九年（1870年）金陵书局的校刻本《史记集解索隐正义》被现代学者视为善本，它汇校了宋、元、明三代具代表性的各种版本，并汲取了诸多学者的研究成果，失误较少。全套书即以此刻本为基础，并参考其他文献，精选原著中的经典篇目整理而成，**程度上避免了原文讹误、缺漏等现象的出现。', '12.00', '3.00', '0', '100', '/BookStore/static/bookimgs/QQ截图20160416154030.png');
INSERT INTO `book` VALUES ('85', '柏杨白话版资治通鉴（礼盒装全36册）', '3', '万卷出版公司', '2010-06-09', '（北宋）司马光　撰，柏杨　译', '《柏杨版资治通鉴》获选一九八三年度台湾“最具影响力的书”。《资治通鉴》是一部浓缩了中国古代政治动作、权力游戏的历史巨著，是古代帝王鉴于往事、资于治道的必读史书。九百年后的今天，柏杨先生耗时十年（1983-1993）将一部浓缩了中国古代政治运作、权力游戏的历史巨著《资治通鉴》译成现代语言，并注入自己的观点，谈论历史成败因果，使一部原本只供帝王将相阅读的史书在今天的读者面前竟然如此之亲切。\r\n目前在国内，包括港澳台地区，有许多版本的《资治通鉴》今译，惟独柏杨先生的译本最具独特性。在《柏杨白话版资治通鉴》中，我们可以看到对历史和现实大胆批判的“柏杨曰”，柏杨先生自一九六八年三月因文字贾祸，被判处惟一死刑，关入死牢。后又经几次减刑，柏杨先生感悟人生无常，在他九年又二十六天的监狱生活中，开始潜心研究中国历史，通读《资治通鉴》。出狱后，朋友问起心愿，他说：“我最大的愿望就是将《资治通鉴》译成现代语文版。”', '1188.00', '594.00', '0', '100', '/BookStore/static/bookimgs/QQ截图20160416154141.png');
INSERT INTO `book` VALUES ('86', '中国古代服饰研究', '4', '商务印书馆', '2011-01-21', '沈从文', '一、“中华现代学术名著丛书”收录晚清以迄20世纪80年代末，为中华学人所著，成就斐然、泽被学林之学术著作。入选著作以名著为主，酌量选录名篇合集。\r\n　 二、入选著作内容、编次一仍其旧，唯各书卷首冠以作者照片、手迹等。卷末附作者学术年表和题解文章，诚邀专家学者撰写而成，意在介绍作者学术成就，著作成书背景、学术价值及版本流变等情况。\r\n   三、人选著作率以原刊或作者修订、校阅本为底本，参校他本，正其讹误。前人引书，时有省略更改，倘不失原意，则不以原书文字改动引文；如确需校改，则出脚注说明版本依据，以“编者注”或“校者注”形式说明。\r\n   四、作者自有其文字风格，各时代均有其语言习惯，故不按现行用法、写法及表现手法改动原文；原书专名(人名、地名、术语)及译名与今不统一者，亦不作改动。如确系作者笔误、排印舛误、数据计算与外文拼写错误等，则予径改。   ‘\r\n   五、原书为直(横)排繁体者，除个别特殊情况，均改作横排简体。其中原书无标点或仅有简单断句者，一律改为新式标点，专名号从略。\r\n   六、除特殊情况外，原书篇后注移作脚注，双行夹注改为单行夹注。文献著录则从其原貌，稍加统一。\r\n   七、原书因年代久远而字迹模糊或纸页残缺者，据所缺字数用“口”表示；字数难以确定者，则用“(下缺)”表示。', '99.00', '89.60', '0', '100', '/BookStore/static/bookimgs/QQ截图20160416154249.png');
INSERT INTO `book` VALUES ('87', '史记（文白对照 全注全译）（全六册）', '3', '北京燕山出版社', '2007-01-17', '（西汉）司马迁　著', '本书是由汉司马迁撰。司马迁，字子长，汉左冯翊夏阳(今陕西韩城)人。汉武帝时任太史令，掌握了大量史料，又到处游历，实地调查。一-汉武帝太初元年(公元前104)，司马迁开始《史记》的编写工作。五年后，因为替投降匈奴的汉朝将领李陵辩护，被处宫刑，后被赦出狱，担任中书令。司马迁忍辱负重，继续著书工作，到汉武帝征和二年(公元前91)，《史记》一书基本完成。书成后，司马迁的情况史籍缺载，大多人认为他在此后不久即去世，死因不详。\r\n本书原名《太史公书》，是我国第一部通史。共五十多万字，记载了上至黄帝，下至汉武帝元狩二年(公元前122)约三千年的史事。唐代史学家刘知几在《史通》一书中把历史著作分为“编年体”和“纪传体”两大类，《史记》是纪传体的创始。此后历代正史，都沿袭了这一有“纪”有“传”的体例。\r\n据司马迁自序，丰书共一百三十篇，计本纪十二篇，表十篇，书八篇，世家三十篇，列传七十篇(包括《太史公自序》)。\r\n十二本纪，年代远的以朝代为主，年代近的以帝王为主，按年代记载大事。\r\n十表是把重要的时事、人物接年代、地区用简明的表格表示出来，大致分为两种类型，一是大事年表，一是人物年表。\r\n八书是把政治、经济、天文、地理等方面的制度和情况分类记述，各自成篇。\r\n三十世家记载周代各主要封国诸侯和汉初诸侯王的事迹，地位相当于诸侯的人物，也列入世家。\r\n七十列传，除最后一篇《自序》介绍作者自己的身世、撰述．目的，写作经过以及全书篇目、内容等之外，主要记载各阶层人士的活动，其中有类传九篇，少数民族传六篇。', '1695.00', '211.00', '0', '106', '/BookStore/static/bookimgs/QQ截图20160416154243.png');
INSERT INTO `book` VALUES ('88', '史记笺证（软精装全10册修订新版）', '3', '江西人民出版社', '2016-01-13', '韩兆琦', '《史记笺证》由中国《史记》研究会原会长、北京师范大学博士生导师韩兆琦教授费时数十年撰著。该书以《史记》三家注和《史记评林》《史记志疑》《史记会注考证》等为基础，全面搜集目前所能见到的文献、简牍和考古资料，吸取《史记》问世以来的各方面研究成果。全书五百五十多万字，集原文、校勘、注释、考据、评论、相关图片于一书，是当前注释最详尽，收集、引证资料最丰富的阅读和研究《史记》的著作，是《史记》研究史上具有划时代意义的里程碑式著作。', '760.00', '380.00', '0', '100', '/BookStore/static/bookimgs/QQ截图20160416154358.png');
INSERT INTO `book` VALUES ('89', '剑桥中华民国史1912-1949年下卷', '3', '中国社会科学出版社', '1994-01-12', '（美）费正清', '《剑桥中华民国史》（下）是《剑桥中国史》第13卷的译本。为保持原貌，我们未作删改。有关观点、材料取舍等方面的问题，请读者自行鉴别。原书地图所用地名有与当时所用地名不同者，内容也有与当时实际情况不符者，我们也未予改动。书中引用的中文材料，我们尽可能查出原文；少数查不到原文的，从英文回译，删除了引号。\r\n　　本书内容：文字是划分和分析过去的呆板而含糊的工具。无论怎样精心推敲，近代中国历史的特点，不可能用寥寥数语来描述。用得过滥的“革命”一词，有时还不如“复兴”有用。而“近代改革”，其含意无非就是“贯穿近时的变化”，让我们仍然不清楚究竟是什么“时间”。不过撰与这套书第10卷到第13卷的28位作者，每一位都是以不过于简单化的水准，提供中国从1800年到1949年这一个半世纪的事件和趋势的概况。就一些范围不那么广的概括作出范围更广的概括，无疑是历史家的主要职责，但这四卷的大多数作者都会同意这样一种看法，……', '113.00', '94.00', '0', '106', '/BookStore/static/bookimgs/QQ截图20160416154501.png');
INSERT INTO `book` VALUES ('90', '全球通史（第7版上下英文影印版）', '3', '北京大学出版社', '2004-07-14', '（美）斯塔夫里阿诺斯 著', '斯塔夫里阿诺斯的这部潜心力作自1970年初版问世以来，赞誉如潮，被译成多种语言流传于世，可谓经典之中的经典。后经作者多次修订增补，现已更新至第7版，在保留原文精华的基础上，又融入了时新的研究成果，使这部名著在内容和体系上更加完善。\r\n尤其值得一提的是，作者文笔隽永、笔力深厚、才思横溢，整部著作前后一贯。这里呈现原汁原味的英文版以飨广大读者，让您在颇具历史韵律的行文中思接千载，视通万里。', '78.00', '46.00', '0', '109', '/BookStore/static/bookimgs/QQ截图20160416154646.png');
INSERT INTO `book` VALUES ('91', '罗马帝国衰亡史(上)', '3', '商务印书馆', '1996-11-26', '（英）吉本　著，黄宜思，黄雨石　译', '英国历史家爱德华·吉本著《罗马帝国衰亡史》全书出版至今已逾二百年。我国出版界传出它的一卷节编本中译本问世的信息，依然令人鼓舞。\r\n　　爱德华·吉本出身于一个拥有大地产的资产阶级家族。据他追记，其家 族在 14 世纪时开始拥有土地。到 16世纪后期，其远祖已获得缙绅的称号。当时风气，农村殷实之家，大都把子弟送往城市习商。这个家族已有几代人到伦敦从事商业活动，并出现过一位周游西欧并远游美洲的旅行家。吉本的祖父爱德华曾任南海公司董事，由于一次船只失事而破产，但他东山再起，又复积资十万英镑。吉本的父亲亦名爱德华，曾就读于剑桥大学伊曼纽尔学院，为托利党人，拥有缙绅称号，一度担任伦敦城的区长，并曾当选英国议会下院议员。吉本的母亲朱迪思·波顿为伦敦商人之女。吉本于1737年出生于伦敦附近的帕特尼镇，是父母的长子。他后来在回忆录中颇以其出身门第 而自豪：“我出生于一个自由而文明的国家，一个科学和哲学的时代，一个门第荣耀、家资富有的家庭。”\r\n　　吉本幼年身体孱弱多病，母亲连生多胎，无力照管，幸赖姨母凯塞琳·波顿悉心看护，几次转危为安。他所受的初级教育很不完整，时常因病中断，10岁丧母后，又一度辍学，幸赖他生性好学，又得姨母辅导，读了许多古希腊罗马的人物传记，启发了对古典时期历史的兴趣。在入大学之前，他对希腊文和拉丁文都已打下良好基础。1752 年吉本进入牛津大学莫德林学院，当时只有 15岁。他对世界历史怀有很浓的兴趣，从古代而及于近代，几乎尽读所能得到的关于阿拉伯、波斯、蒙古和突厥史的英文著作，在他阅读的书单中也列入了中国史籍。可是 过了一段时间以后，学院生活使他失去学习兴趣。他更换了一位导师，这是一位“只记得薪俸，不记得职守”的人，对学生既不指导，也乏管理，虽同 住一院，却只见过一面，俨然路人。吉本深感无聊，称这段日子为修道院生活，时常离校出游，学院也不加约束。他自幼即对宗教争论感兴趣，惑于天 主教祕义的姑母对他也有所影响，牛津的沉闷气息并不能为他解疑释惑。相反，他认为大学要求学生对三十九信条表示信奉之举是“装样子多于诵读， 诵读多于信奉”。在彷徨苦闷之中，他接受了化体说，改信了天主教。当时他还自认是受良心驱使，但多年以后自己承认当时过于幼稚，致为诡辩所惑。的确，他这时才16岁。', '45.00', '38.00', '0', '106', '/BookStore/static/bookimgs/QQ截图20160416154749.png');
INSERT INTO `book` VALUES ('92', '史记选', '3', '商务印书馆', '2014-07-09', '（汉）司马迁　原著', '　　《史记选》，清初著名学者储欣所编选，选录作品五十五篇。编选者对于文章精彩部分用不同的符号加以圈点，并有大量的评点，用语长短不一，恰到好处，或指出词句作用，或评点章法布局，或揭示史公深意，或探讨前后关联性等。所选篇章之末亦多有评语，盛赞史公文章之精彩处，与文中评语形成照应。该书是清康乾时代较为有影响的《史记》选本之一。', '48.00', '41.00', '0', '125', '/BookStore/static/bookimgs/QQ截图20160416154851.png');
INSERT INTO `book` VALUES ('93', '罗马帝国衰亡史(下)', '3', '商务印书馆', '1996-11-20', '（英）吉本　著，黄宜思，黄雨石　译', '本书详细地讲述了几次大规模的入侵、帝国在西部的终结、意大利概况、查士丁尼的时代、神学的影响、伊斯兰教的来临、东部帝国的衰亡、十字军东征、罗马帝国的终结、中世纪的罗马和文艺复兴的曙光等内容。通过此书作者第一次概述了自己的社会理论，来反对当时的专制暴政。', '48.00', '41.00', '0', '104', '/BookStore/static/bookimgs/QQ截图20160416155003.png');
INSERT INTO `book` VALUES ('94', '二十四史精华：礼品装家庭必读书（全六册）', '3', '辽海出版社', '2012-04-11', '《礼品书家庭必读书》编委会', '本书从“二十四史”中撷取精彩篇目，删繁就简。书中包括“史书名人”、“史籍典故”、“成书过程”、“读史指南”、“本经快读”等版块，将史书编纂的相关背景、成书过程、名人轶事、成语典故等一一呈现。', '198.00', '19.00', '0', '104', '/BookStore/static/bookimgs/QQ截图20160416155101.png');
INSERT INTO `book` VALUES ('95', '高晓松鱼羊野史套装（1—5卷）', '6', '广东人民出版社', '2016-01-12', '高晓松', '《高晓松鱼羊野史套装（第1卷—第5卷）》是东方卫视脱口秀节目《晓松说——历史上的今天》未删节版完整收录的超级读本。《鱼羊野史》讲述每一天在历史上发生的大事件或有趣的事，以高晓松的角度来重新解读历史事件，风格轻松幽默，与严肃的讲历史的不同，有很多高晓松个人见解和趣闻，重温故国、故城、故人芳华刹那。', '209.00', '104.00', '0', '104', '/BookStore/static/bookimgs/QQ截图20160416160718.png');
INSERT INTO `book` VALUES ('96', '中国野史', '6', '云南人民出版社', '2011-08-16', '郑永安　编著', '　《中国野史》摒弃了传统史学“为尊者饰、为贤者讳”的观念，采古今野史的精髓，引导读者从细节处发掘历史真相，力图通过简明的体例、精练的文字，新颖的版式、精美的图片等多种要素的有机结合，将帝五将相的性格心理、轶闻趣事，统治阶级的勾心斗角、尔虞我诈，政治军事的丑恶内幕、血腥手段，历朝代的民间风情，数千年奇人异士的风流俊逸、洒脱风姿，三教九流、世相百态，立体、全息地呈现在读者面前，展示真实鲜活的历史。《中国野史》的作者是郑永安。', '55.00', '16.00', '0', '107', '/BookStore/static/bookimgs/QQ截图20160416161021.png');
INSERT INTO `book` VALUES ('97', '历史禁区（图说天下.探索发现）', '6', '北京联合出版公司', '2013-01-08', '白云天,罗建民', '　　存无边的黑暗里，众多的未解和神秘静静地守候，等待那支探索火炬的亮起帝王的秘辛、离奇的谜案、战争的烟云、诡异的事件……那些沉睡在未知世界里的人和事存渐行渐近的好奇下，缓慢开启岁月的封印，褪去寂寞的外衣，展示出一幕幕尘封已久的画面……\r\n　　探索发现系列，宛如一个色彩斑谰、光怪陆离的万花筒，真实再现了大干世界的神奇瞬司，精彩诠释了人类文明的隐秘片段神秘的、奇幻的、悬疑的……令人目眩神迷，欲罢不能娓娓道来的传奇故事，弥足珍贵的彩色图片，打造出一席华美的文化盛宴。', '19.00', '11.00', '0', '108', '/BookStore/static/bookimgs/QQ截图20160416161125.png');
INSERT INTO `book` VALUES ('98', '惊人的巧合（图说天下.探索发现）', '6', '北京联合出版公司', '2013-01-16', '张乐生　编著', '在无边的黑暗望，众多的未解和神秘静静地守候。等待那支探索火炬的亮起帝王的秘辛，离奇的谜案、战争的烟云，诡异事件……那些沉睡在未知世界里的人和事在渐行渐近的好奇下。缓慢开启岁月的封印，褪去寂寞的外衣，展示出一幕幕尘封已久的画面……\r\n　　探索发现系列，宛如一个色彩斑斓、光怪陆离的万花筒，真实再观了大千世界的神奇瞬间，精彩诠释了人类文明的隐秘片段神秘的、奇幻的、悬疑的……令人目眩神迷，欲罢不能娓娓道来的传奇故，弥足珍贵的车，色图片，打造出一席华美的文化盛宴。\r\n　　不可思议的离奇事件，难以破解的不谋而合，\r\n　　处处惊心的神奇现象，无法牵手的高等另类……\r\n　　奇迹每天都在上演，\r\n　　究竟是巧合还是另有玄机？', '19.00', '11.00', '0', '143', '/BookStore/static/bookimgs/QQ截图20160416161224.png');
INSERT INTO `book` VALUES ('99', '民国秘史（图说天下.探索发现）', '6', '北京联合出版公司', '2012-11-14', '萨沙　著', '惊涛拍岸，乱世枭雄，北大教室中的授课声业已远去。徐志摩的诗，阮玲玉的戏，良友画册上柔美的面容渐已模糊。武昌城头的隆隆炮声，护国军中的猎猎战旗，五四青年的声声呐喊，证明了这是民主主义的世纪。\r\n    这边征尘不断，军阀们的混战凋零了国家的元气，涂炭了大好的河山；那处的十里洋场灯红酒绿，商女的欢歌盖不住黎民的嗟叹。繁华落尽，大师 归去，云涯渺，志士葬，掩书卷，照丹心。\r\n     《民国秘史》力求用白描的方式展现民国历史的真实，通过当国武夫、名士与名媛、江湖与特工、民国奇案几个章节来再现民国历史的部分横 断面。\r\n     历史原本就是先贤们遗落的钥匙，《民国秘史》可以带领我们开启一道道现实的困惑之门。本书由萨沙编著。', '19.00', '11.00', '1', '131', '/BookStore/static/bookimgs/QQ截图20160416161421.png');
INSERT INTO `book` VALUES ('100', '甲骨文字典', '4', '四川辞书出版社', '2014-01-01', '徐中舒', '《甲骨文字典(第3版)》是《甲骨文字典》的第3版。《甲骨文字典(第3版)》由徐中舒主编。《甲骨文字典(第3版)》关键词：甲骨文、字典。《甲骨文字典(第3版)》版权所有，翻印必究。《甲骨文字典(第3版)》内容包括：序言、凡例、目录、检字、《甲骨文字典(第3版)》所引甲骨著录书目、正文。', '300.00', '150.00', '0', '100', '/BookStore/static/bookimgs/QQ截图20160416161543.png');
INSERT INTO `book` VALUES ('101', '清代后妃宫廷生活', '3', '故宫出版社', '2014-04-09', '王佩環　著', '　　《清代后妃宫廷生活》采取上、下两编分述典制、传记的形式，展示清代后妃的宫廷生活。上编先讲与后妃有关的各种制度，举凡秀女遴选、大婚仪制、深宫生活、诞育皇子、丧葬制度等，所述都是律令所定，史有所载。下编则为乌拉纳喇大福晋、孝庄太后、董鄂妃、孝贤皇后、香妃、慈禧太后等十余位名妃重点作传。全书以轶闻野说为靶，以档案、官书正史为绳，力图还原一个个有血有肉的帝王女人的真实一生。书后所附“清代后妃年表”，胪列清代近二百位有名号的妃子并各附小传，用力甚深。\r\n　　《清代后妃宫廷生活》初版于1993年，出版后很快售罄，数年内一印再印。此次新版，修订文字，增配图片，增加阅读趣味。', '46.00', '35.00', '0', '107', '/BookStore/static/bookimgs/QQ截图20160416161527.png');
INSERT INTO `book` VALUES ('102', '西域考古记', '4', '商务印书馆', '2013-02-01', '斯坦因', '斯坦因，英国考古学家、探险家，是19世纪末20世纪初中亚考古领域集大成的领军人物。《汉译世界学术名著丛书：西域考古记》是斯坦因对中国新疆及中亚地区进行四次探险的纪实之作。书中通过记录大量的考古挖掘，首次揭开了诸如楼兰、尼雅等古国的神秘，具有珍贵的史料意义，对于我们了解该地区的历史有重要的参考价值。', '45.00', '36.20', '0', '100', '/BookStore/static/bookimgs/QQ截图20160416161717.png');
INSERT INTO `book` VALUES ('103', '野史记[修订版]', '6', '生活·读书·新知三联书店', '2015-04-09', '杨早', '《野史记》、《说史记》为杨早撰写的“新史记”系列的前两种，系列主题为“重述与改写”，以另类视角对近代历史文本作细节化的呈现。', '28.00', '15.00', '2', '102', '/BookStore/static/bookimgs/QQ截图20160416161623.png');
INSERT INTO `book` VALUES ('104', '清代野史', '6', '中国人民大学出版社', '2011-10-07', '孟森等 著', '本书辑录了记述有清一代史事的野史著述凡十九种，迥异于清代正史著作自上而下的宏大叙事，信笔直书，简洁无忌。或为坊间逸闻，或为宫闱秘录，或为外传琐闻，或为闲散笔记，笔墨流荡处，把焦点集中在正史所不便或不敢载录的口耳相传的坊间逸闻上，讲述了建州女真繁衍兴盛以至问鼎中原的历史，记载了康雍乾时的文字狱、太平天国运动等众多历史事件，展现了上至权利金字塔顶端的王侯将相，下至侠客隐士、贩夫走卒等历史人物鲜为人知的另一面。使今日读者得以揭开正史的面纱，看尽封建时代最后一个王朝的世态万象。', '48.00', '29.00', '0', '100', '/BookStore/static/bookimgs/QQ截图20160416161723.png');
INSERT INTO `book` VALUES ('105', '谁收藏了圆明园', '4', '金城出版社', '2013-07-01', '刘阳', '　圆明园始建于清康熙四十六年（1707年），由圆明园、长春园、绮春园三园组成，建筑面积约16万平方米，有园林风景百余处，是清代雍正、乾隆、嘉庆、道光、咸丰五朝皇帝在150余年间，役使无数能工巧匠、费银亿万所建造经营的一座大型皇家宫苑，被世人誉为“万园之园”“东方凡尔赛宫”。\r\n   1860年10月，圆明园遭到英法联军的洗劫和焚毁。之后，从晚清到民国，圆明园历经多次盗抢、拆毁，属于圆明园建筑的各种物件、园中藏品流散于海内外。这些珍贵文物现落何处，为何人收藏，向为世人所关注。圆明园青年研究专家刘阳，集15年收藏、研究结晶，将失落在海内外的700余件文物的相关图片，悉数加以收集整理，辅以文字说明，首次形象再现了圆明园的原貌，引领读者体验一代皇家御园曾经令世界惊叹的辉煌胜景。', '298.00', '178.00', '0', '100', '/BookStore/static/bookimgs/QQ截图20160416161841.png');
INSERT INTO `book` VALUES ('106', '清宫秘史（精装）', '6', '中国华侨出版社', '2014-07-09', '清馨', '本书从努尔哈赤起兵写起，至宣统退位而终，以清朝十二帝为主，连带讲述名臣重臣、后宫嫔妃、以宫廷秘史为主，连带讲述其所涉及的一系列奇闻秘事，涵盖宫廷内幕、官场奇闻、文人轶事、神秘宝藏、历史奇案等诸多内容，是一部内容丰富、妙趣横生的历史读物。', '29.00', '17.00', '0', '106', '/BookStore/static/bookimgs/QQ截图20160416161812.png');
INSERT INTO `book` VALUES ('107', '宋史其实很有趣', '6', '太白文艺出版社', '2016-01-01', '叶之秋', '本书从宋朝浩如烟海的史料中，精心挑选了近百位精英人物，在他们各自华丽的人生中，截取一个最精彩的侧影，深入浅出地以点盖面，使得读者在轻松愉快的阅读中，了解历史，感悟人生。', '29.00', '23.00', '0', '103', '/BookStore/static/bookimgs/QQ截图20160416161904.png');
INSERT INTO `book` VALUES ('108', '黄帝四经今注今译——马王堆汉墓出土帛书', '4', '商务印书馆', '2007-05-31', '陈鼓应', '本书在撰写当中，试图建构起一个较完整的注译体系。出于这样的思考，因此体例是这样拟定的：每篇下列解题，每小节下列内容提要，每小段由原文、注释、今译、阐述等四部分组成，书末附《帛书黄帝四经校定释文》。“阐述”部分有助于更具体、更明确地了解全书的文义和思想底蕴。本书主要依据一九八○年帛书小组整理出版的《马王堆汉墓帛书(壹)》本，书末所附即依据此帛书小组本为蓝本。', '33.00', '27.00', '2', '98', '/BookStore/static/bookimgs/QQ截图20160416162017.png');
INSERT INTO `book` VALUES ('109', '夜访吸血鬼（图说天下.探索发现）', '6', '北京联合出版公司', '2013-01-15', '蓝月　编著', '　白天不懂夜的黑，如同阳光下的人类难以真实了解暗黑中的另类一样。对吸血鬼而言，黑暗不是终结，死亡才是开始。“最美艳的花朵，往往只盛开在最漆黑的夜里；吸血鬼的永生，需要象征生命的鲜血来浇灌”。在这令无数人疯狂和追捧的“永生”背后，背负着多少恐惧、罪恶和无奈。从受到诱惑作出选择的那一刻起，它们就受到神的诅咒，游离于天堂和地狱之外，成为黑暗中孤苦的野鬼，尽管它们拥有了黑暗的永生、嗜血的本能、贪婪的兽性、邪恶的法力，却与人性、以及阳光下所有美好的事物绝缘。', '19.00', '11.00', '0', '123', '/BookStore/static/bookimgs/QQ截图20160416161957.png');
INSERT INTO `book` VALUES ('110', '金文编（影印）精', '4', '中华书局', '1985-07-02', '容庚', '《金文编 （影印）精》分正续两编，正编为殷周金文，续编为秦汉金文。集録以彝器饮识为主，兵器镜鉴附焉。玺印泉币应另为专编。摹写之字据拓本或影印本为多，西清古鉴等书变易大小者，原器剥蚀模糊者阙焉', '338.00', '318.00', '11', '100', '/BookStore/static/bookimgs/QQ截图20160416162059.png');
INSERT INTO `book` VALUES ('111', '古案今说', '6', '黑龙江教育出版社', '2014-01-15', '尹剑翔，蓝珊， 尚勤 著', '　　《古案今说》是天津生活广播《法律与生活》的热播栏目，每期一个古案，每个案件都以现代司法眼光重新解读，理解其中情与法的纠葛，破解古案的谜题，得出对当下生活的启示。\r\n　　《古案今说》共计二十六万字，其中有三分之二的内容是电台中播过的，有大约三分之一的内容尚未播出。虽然新书的底稿来源于讲稿，但书的内容要比节目播出内容丰富许多。 \r\n　　本书立意不在于研究史料，而是以全新的视角，让读者在阅读古代案件中，既增进历史及古典文学知识，又能了解司法的演变进程，从而更容易理解现代案件的法律依据、侦破过程和相关的法律常识，最终达到借古鉴今，古为今用的目的。\r\n　　岁月悠悠，多少奇案藏于迷雾之中，千年古案，多少法理融于其中。从现代司法角度解构古代案件，用今日视角解析历史疑案，让您在了解有趣历史故事的同时，获得更多现代法律知识。\r\n　　重新审视历史，重新审视人生，重新审视法律，重新解析经典《古案今说》陪您一起谈古说今。', '32.00', '16.00', '0', '107', '/BookStore/static/bookimgs/QQ截图20160416162049.png');
INSERT INTO `book` VALUES ('112', '古希腊密码（图说天下.探索发现）', '6', '北京联合出版公司', '2013-01-17', '弓健，郭文钠 著', '　古老的爱琴文明，犹如一盏明灯，照亮了尚处于石器时代的爱琴海和希腊半岛。天才诗人荷马弹奏着竖琴，引领世人追忆那段属于绝色美女海伦和特洛伊战争的悲欢岁月。在“荷马时代”，青铜文明的痕迹被慢慢抹去，铁器文明的面容却日渐清晰。神灵崇拜是古希腊人生活的重心，城邦中最美的建筑是神庙，奥林匹克运动会和戏剧都从祭神仪式演变而来……古希腊人相信自己时刻处于神灵的护佑下，因此生活得简单、节制而安逸。古希腊是一个文学、戏剧、雕塑、建筑和哲学全面辉煌的时代。古希腊文明后来被古罗马人破坏性地延续下去，成为了整个西方文明的精神源泉。', '19.00', '11.00', '0', '106', '/BookStore/static/bookimgs/QQ截图20160416162152.png');
INSERT INTO `book` VALUES ('113', '殷周金文集成·修订增补本（全8册）', '4', '中华书局', '2015-06-03', '中国社会科学院考古研究所', '这部《殷周金文集成（修订增补本）（套装全8册）》（以下简称《集成》），经过我所《集成》编辑组的同志们多年来辛勤的劳动，现在资料搜集行将完成，编纂工作大体就绪，**册已经可以交付出版了。今后其它各册也将陆续付印。这部书的出版，将为殷周青铜器的研究，尤其是青铜器铭文的研究，提供极大的方便。因之，我们相信，这将会促进这方面研究工作的进一步发展。\r\n　　《殷周金文集成（修订增补本）（套装全8册）》收录的多文资料，包括殷周、西周、春秋和战国时期的各类器物，年代下限断至秦统一以前。宋代以来各家著录和国内外主要博物馆藏品，力争收集得比较齐全。各地新出土的发掘品和采集品，以各册编成时已公开发表者为限。预计所收器铭的总数当在万件以上。书中采用拓本的主要来源有五：（一）考古所多年积累的旧拓本，（二）《考古学报》和《考古》的档案，（三）编辑组同志前往有关单位新打制的拓本，（四）若干文博单位提供的现成拓本或拓本原大照片，（五）若干单位或个人借给的拓本。其中第（一）（二）两项共计约五千器，第（三）荐将近三千器，第（四）项一千余器，第（五）项为数不多。再有一定数量的器铭，因手头缺少善拓或仅有摹本流传，采取剪贴《三代吉金文存》、（商周金文录遗）等书，或由我所技术室按比例复制其它著录书，用两种办法将其补齐。版面上的器名由我所编辑室刘勋同志一手编写。', '3680.00', '3128.00', '0', '100', '/BookStore/static/bookimgs/QQ截图20160416162249.png');
INSERT INTO `book` VALUES ('114', '皇帝秘史（图说天下.探索发现）', '6', '北京联合出版公司', '2013-01-16', '薛晋蓉　编著', '探索奇幻的大千世界，发现神秘的人类文明。《图说天下·探索发现系列：皇帝秘史》讲述的是不务正业的绝世帝王、另类皇帝的荒唐事儿，非常天子，非常传奇，龙袍包裹的悲情人生。', '19.00', '11.00', '0', '103', '/BookStore/static/bookimgs/QQ截图20160416162243.png');
INSERT INTO `book` VALUES ('115', '清朝野史大观（上中下）', '6', '上海科学技术文献出版社', '2011-01-11', '小横香室主人　编', '《清朝野史大观》是一部辑录清代遗闻轶事的著作，初版(1915年)迄今已近一个世纪，但今天看来，仍不失其价值。\r\n我国自古以来，稗官野史就十分发达。虽不为正人君子著流青睐，却也能与正史并行不悖，原因就在于它保存了丰富、真切的社会生活史料。这些史料虽不无失实乃至荒诞之处，但它的鲜活、丰满却为正史所不及。就此而言，这部《清朝野史大观》是比较出色的。\r\n《清朝野史大观》原题“小横香室主人撰”。共分五辑十二卷，分别为“清官遗闻”(二卷)、“清朝史料”(二卷)、“清人逸事”(四卷)、“清朝艺苑”(二卷)、“清代述异”(二卷)。书中采录有清一代的各家笔记达百五十余种，文字近二百万言，可谓搜罗宏富、浩然巨帙。所涉人事，上自帝王官宦，下至庶民贱役，无所不包，但又区别良莠、有所取舍，其中绳矩，观“编辑凡例”可知。\r\n此次新版，一依原著进行标点，此外改正了一些明显的误植。个别较长的篇章，也尝试作了分段。引用诗文等，格式上也进行了一些区别。至于源出众书而导致的柢牾不一等，则一仍其旧。\r\n　　应该指出的是，由于时代的局限等原因，书中有些观点、用语等难免与今天的认识有所不同，尤其是编者注重搜奇猎艳，个别部分不无荒诞不经之传闻的采录。这些，读者在阅读和使用时，当有所鉴别。', '120.00', '72.00', '0', '104', '/BookStore/static/bookimgs/QQ截图20160416162334.png');
INSERT INTO `book` VALUES ('116', '神祇、陵墓与学者：考古学传奇', '4', '生活.读书.新知三联书店', '2012-06-01', '(德)策拉姆', 'C.W.策拉姆编著的《神祇陵墓与学者》是一本有关考古学的经典畅销书，被译成几十种文字，受到了全世界读者的喜爱。C.W.策拉姆追寻着伟大学者和冒险家的足迹，从欧洲来到中东，又转至中美洲，带领人们进入一个个考古学传奇：施里曼发现特洛伊、卡特开启图坦卡蒙传奇般的墓室、科尔德维挖出巴比伦城、汤普森潜水寻找玛雅宝藏，商博良破译埃及象形文字……读者们宛如身临其境，亲历这些湮没已久的世界被揭开神秘面纱的过程。《神祇陵墓与学者》首次出版于1949年。迈入21世纪以后，为了满足读者的需求，德国罗沃尔特出版社对该书进行了彻底修订，补录考古学的最新成果，插入大量精美图片，补充了附录，进行了多方完善。', '48.00', '28.00', '0', '100', '/BookStore/static/bookimgs/QQ截图20160416162502.png');
INSERT INTO `book` VALUES ('117', '大明王朝家里事儿——北大史学博士揭秘明宫秘事', '6', '太白文艺出版社', '2014-10-22', '胡丹　著', '本书通过大量的史料的挖掘与分析，带领读者深入明朝宫廷，层层揭开明代帝室复杂的人际纠葛，演绎明代后宫激烈的争斗与冲突，书写重重宫闱之后的宫廷秘史与真相。本书披露了大量新材料，新观点层出不穷，语言生动幽默，行文夹叙夹议，拈古指今，议论生发，令人读之击节提神，韵味久响不绝。\r\n　　该书在《天涯社区·煮酒论史》连载以来，获得如潮好评，有媒体称此书为“明代甄嬛传”，读者将其誉为“天涯煮酒第一神贴”，认为“历史学教授”出身的作者，凭借其老辣锐健的笔法，发抒厚积薄发的姿态，将史实的澄清辨伪与生动的故事叙述、引古证今的现实主义历史观紧密结合起来，开创了历史写作“述评体”的新风范，它比现在流行的“评书体”、“散文体”历史都更深刻，更具历史的厚重感，树立了新时期白话历史书写的新标杆。', '29.00', '22.00', '0', '107', '/BookStore/static/bookimgs/QQ截图20160416162452.png');
INSERT INTO `book` VALUES ('118', '两个故宫的离合：历史翻弄下两岸故宫的命运', '4', '上海译文出版社', '2014-01-01', '野岛刚', '英国有伦敦大英博物馆，美国有纽约大都会博物馆，法国有巴黎卢浮宫，日本有东京国立博物馆，但在这个世界上，却有两个故宫博物院。\r\n　　“两个故宫”是东亚近代史的产物。故宫的魅力根源，来自于数次奇迹似的历史转折。两岸故宫不只是珍奇、瑰丽的宝库，更呈现出政治权力与文化深层结构的样貌。“两个故宫”的存在，串联了什么历史情结？潜藏了多少政治人物的历史思维？\r\n　　《朝日新闻》资深记者、“中华圈的专家”野岛刚，历时五年，奔波全球亲身采访，从政治、外交的独特角度梳理了两个故宫的世纪纠缠。', '35.00', '27.00', '1', '99', '/BookStore/static/bookimgs/QQ截图20160416162623.png');
INSERT INTO `book` VALUES ('119', '大明王朝家里事儿——北大史学博士揭秘明宫秘事', '6', '太白文艺出版社', '2014-10-22', '胡丹　著', '本书通过大量的史料的挖掘与分析，带领读者深入明朝宫廷，层层揭开明代帝室复杂的人际纠葛，演绎明代后宫激烈的争斗与冲突，书写重重宫闱之后的宫廷秘史与真相。本书披露了大量新材料，新观点层出不穷，语言生动幽默，行文夹叙夹议，拈古指今，议论生发，令人读之击节提神，韵味久响不绝。\r\n　　该书在《天涯社区·煮酒论史》连载以来，获得如潮好评，有媒体称此书为“明代甄嬛传”，读者将其誉为“天涯煮酒第一神贴”，认为“历史学教授”出身的作者，凭借其老辣锐健的笔法，发抒厚积薄发的姿态，将史实的澄清辨伪与生动的故事叙述、引古证今的现实主义历史观紧密结合起来，开创了历史写作“述评体”的新风范，它比现在流行的“评书体”、“散文体”历史都更深刻，更具历史的厚重感，树立了新时期白话历史书写的新标杆。', '29.00', '22.00', '0', '107', '/BookStore/static/bookimgs/QQ截图20160416162452.png');
INSERT INTO `book` VALUES ('120', '历史上的药物与毒品', '6', '商务印书馆', '2013-10-23', '（英）波特，（英）泰希 主编，鲁虎 等译', '本书还揭示，“毒品”问题由来已久——毒品(在这个词的所有意义上)的地位通常是争论不休的。医学科学试图弄清这种特效物质(对生理的、精神的和病理的)特性。用户、医生、公众舆论和政府都参与到区分恰当使用和准许使用之中，这些过程往往导致激烈的冲突。关于使用和滥用的界线(个人、医务工作者和制药公司，在最近一个半世纪以来越来越多地参与了开发、制造和销售这些东西，因而在其中有着广泛的金融利益)，争论异常激烈。“供替代的”药物就是设法开发更柔和的、更天然的毒品。显然，这些问题今天仍未得到解决，因为一些有害和极易上瘾的东西(如酒、烟)仍旧自由地可以获得，一些凭着医生处方买到，而其他的则是非法购得的，是国际走私贸易的对象和“反毒战争”的打击目标。 \r\n　　这本历史论文集强调指出，像在其他领域一样，毒品领域的科技发展是不可阻止的。对于人类社会来说，问题是如何迎接像氟西汀这样产品的挑战。正如戴维·罗思曼(哥伦比亚大学社会医学和历史学教授)所说的，人们对事件严重性的认识日益增强，而问题的解决要求社会的全面改革： \r\n　　今天我们刚听说氟西汀，明天我们将听到一种新的激素，而后天将听到一种新的基因控制。我能设想严格的规则和程序，但我极难想象它们付诸实施和受到重视。我们需要极不相同的病人和医生，而且我们必须是一个很不相同的种类的社会', '16.00', '16.00', '0', '104', '/BookStore/static/bookimgs/QQ截图20160416162729.png');
INSERT INTO `book` VALUES ('121', '考古中国《下》', '4', '中国青年出版社', '2011-03-01', '中央电视台《探索·发现》栏目', '　　古墓、古堡、古城，神秘的面纱背后是璀璨的古代文明，本书用零距离的方式与古人对话，拨开层层泥土，挖掘岁月尘封的往事。丰富的国宝级文物，难得一见的历史资料，展示悲喜交加的历史故事。权威的考古专家，讲述中国考古惊心动魄的发掘历程，描绘远古世界的点点滴滴。让我们一起穿越时空的隧道，感受中国考古探秘的神奇世界。', '38.00', '2.80', '0', '100', '/BookStore/static/bookimgs/QQ截图20160416162841.png');
INSERT INTO `book` VALUES ('122', '大明那些九千岁', '6', '太白文艺出版社', '2016-01-01', '胡丹', '本书主要考证揭秘明代太监的隐秘故事。明代不为人所知、所熟悉的太监非常之多，他们的出身、生活、对政治的参与以及相互之间的复杂关系，足以写出一部明代太监的全史。但本书不是一部研究制度的书，而是以小说的笔法串起一位位大太监的传纪故事。在章节上，不会按照一人一传一章的方式来安排，而是按“历史事件中的太监”来写他们的故事，会有一些主要的太监“牵头”，而引出更多的太监。作者是我国明代宦官研究界的领军人物，著有我国著名的宦官史料整理典籍《明代宦官史料长编》，本书内容亦是建立在前书详实的史料基础之上，但繁琐考证及史料分析内容将大为减少，更具史料的“融入性”和人物形象的塑造，可靠且生动的“揭秘”带来了相当的可读性。', '29.00', '23.00', '0', '104', '/BookStore/static/bookimgs/QQ截图20160416162902.png');
INSERT INTO `book` VALUES ('123', '稗官女史(秦汉卷中国女性纪传体通史)', '6', '现代教育出版社', '2009-09-23', '尹剑翔　著', '　　《稗官女史秦汉卷》以轻松的手法记述了战国、秦和西汉历史上的女性故事。《稗官女史秦汉卷》作者引用了大量的史料为读者还原了一段段真实的女性历史。《稗官女史秦汉卷》语言通俗易懂，风趣幽默。', '38.00', '22.00', '0', '107', '/BookStore/static/bookimgs/QQ截图20160416162956.png');
INSERT INTO `book` VALUES ('124', '秦汉野史', '6', '海潮出版社', '2011-04-10', '齐丹青　主编', '　　中国野史是中华五千年文化不可分割的一部分，要想全面了解中国的悠久历史，仅仅拜读正史是不够的，跳过野史是不客观的。我们常常说，要客观、全面地看待历史，因为只有态度正确了，才有可能探究到历史的真面目，否则，永远只是个门外汉。《秦汉野史》以历史时间为顺序，条理清晰，引领您畅游雄踞天下的秦汉帝国，丰富您的历史知识。\r\n　　《中国野史系列丛书之2：秦汉野史》秉笔直书后宫秘史、帝王将相轶事；详细讲述惊心动魄、充满血腥的政治军事风云；细致描绘统治阶级尔虞我诈、阿谀奉承的官场黑暗和官场丑态；生动再现泰汉时期的民间风情、世相百态；如实记载秦汉时期奇异人物的风流俊逸、洒脱风姿。此外，还记述宫闱绯闻艳事、民间男女风情，探究帝王后妃的个人隐私，揭露宫廷生活的荒淫腐朽，为奴婢娼妓优伶立传著说，记述男女风月奇情等，生动全面地展示了真实鲜活的秦汉历史。', '35.00', '27.00', '0', '108', '/BookStore/static/bookimgs/QQ截图20160416163045.png');
INSERT INTO `book` VALUES ('125', '世界遗产丛书：秦始皇陵与兵马俑', '4', '世界图书出版公司', '2008-08-01', '秦始皇兵马俑博物馆', '一　概述\r\n 秦始皇陵是中国古代帝王陵墓中规模最大的一座，其布局严谨，藏品丰富。陵园陪葬坑中发现的秦兵马俑，形象逼真，威武雄壮，被誉为“世界第八奇观”。\r\n　　秦始皇陵位于渭河流域的关中平原中部、“八百里秦川”的腹心地带，在今西安市临潼区以东大约5公里的地方。这里南依层峦叠嶂的骊山，北临逶迤曲转的渭水，地形高阔，山林葱郁，风景秀美。地理坐标为东经108°55′45.5″北纬34°15′24″。\r\n　　骊山一个支脉，因景色美如锦绣，又名“绣岭”。地势南高北仰中间低，最高峰九龙顶海拔1301.9米。秦始皇陵就坐落在骊山北麓一片植被茂盛、约略凸起的原坡地上。2200多年的岁月销蚀，昔日曾经恢宏壮观的城廓瓦宇都已荡然一空，今天能够看到的只是一座非常高大却残破凋零的幽幽荒冢。\r\n　　秦始皇陵所在的临潼区以城临潼水而得名，是西安市中心轴上的东大门。临潼区东接渭南市，南与西安市蓝田区相界，西连西安市灞桥区、高陵区、咸阳市三原县，北跟西安市阎良区毗邻。其地理位置、自然资源等都具有无法比拟的区位优势，尤其是地热资源极其丰富，泉水温度常年保持在43℃左右，泉水富含多种对人体有益的矿物质。\r\n　　早在6000多年前的仰韶文化时期，姜寨先民就繁衍生息在临潼这片土地上，创造了丰富多彩的原始文明。西周时期。这里上演了“烽火戏诸侯”的活剧，周幽王为博爱妃褒姒一笑而失天下的故事就发生在这里。春秋时期，起源于东方、成长于西垂、崛起于关中西部的赢秦族，成为这片土地的主人，公元前770年建立了秦国政权。公元前383～前350年，临潼栎阳曾是秦献公和秦孝公前期的都城所在地。', '28.00', '23.00', '16', '99', '/BookStore/static/bookimgs/QQ截图20160416163203.png');
INSERT INTO `book` VALUES ('126', '清朝野史大观（全三册）', '6', '中央编译出版社', '2008-06-12', '小横香室主人　撰', '本书分《清富遣闻》，《清朝史料》、《清人逸事》、《清朝艺苑》、《清代逮异》五辑，共十二卷，一百余万宇。史料丰赡，内容所及上至帝王后妃、天潢贵胄、悍将权臣、名媛佳丽、学士才子，下至讼师衙役、游侠术士、市井小民，乃至巫医、百工、倡优之属，构成了一幅有清一代色彩斑斓、光怪陆离的众生世相，真可谓无所不包，无所不具；而其中官场黑幕、杂事秘辛之类，又是一般正史所不屑载的。因而，此书实是史学研究者及治民俗学者不可不读的一部重要的笔记丛抄。\r\n　　《清朝野史大观》于1915年由中华书局排印出版，撰者题名横香室主人，至今虽不满百年，然其生平、姓氏、里居已不可确考。自古以来流传于世的名篇佳作，其作者湮没无闻正不知凡几。大约国人一向不甚看重小说，而这类野史、稗官杂抄种种笔记，方志、家乘，专以搜奇猎艳为能事，当时便是一种市场行为，是供人茶余饭后作谈资的，自然不入于六经正途，编撰者亦不肯将其真实姓名刊布于世，有辱斯文。\r\n　 既称“清朝野史”，其选编日期最早应当在清帝逊位以后，至排印之日不过两三年时间，丽此书引证有清一代各家笔记达一百五十余种，编为《清宫遗闻》、《清朝史料》、《清人逸事》、《清朝艺苑》、《清代述异》共五辑（原十二册），其搜罗之广、披阅之勤，非饱学硕儒，自然难当此任。自民初以来，此书即与《清陴类钞》、《大清见闻录》等同为一般读者所喜闻乐见的几种清人笔记，至今已布在人口，妇孺皆知。至于书中所载杂事秘辛、清宫旧闻，又是正史中无从稽考的，治民俗史学者大约只能从这类遗闻、旧钞中窥见一二。', '128.00', '118.00', '0', '104', '/BookStore/static/bookimgs/QQ截图20160416163201.png');
INSERT INTO `book` VALUES ('127', '东汉演义（典藏本）连阔如评书秘本', '6', '中华书局', '2013-07-10', '连阔口述，贾建国　等整理', '《东汉演义(上下典藏本连阔如评书秘本)(精)》是已故评书艺术家连阔如的代表作，主要讲述西汉末年王莽篡位后，汉太子刘秀率领三十六员云台大将兴兵讨莽，攻关斩将，恢复汉室天下；后来更始皇帝即位，奸臣暗害刘秀，光武帝二次中兴汉室的故事。\r\n    《东汉演义(上下典藏本连阔如评书秘本)(精)》从王莽篡位起，至信都关太后封臣结束，主要书目包括刘秀赶考、岑彭马武夺状元、大闹武科场、菩提岗双救驾、三请姚期、对花刀、岑彭归汉、单鞭诈颖阳、二十八宿闹昆阳、室军山双侠出世、郭家庄招亲、一杵定三江、拖肠大战、五行昆阳山设摆群星列宿阵、三度巨无霸、马援拜帅、八大锤闹潼关、真假岑彭连环计、剐莽诛苏、潼关散将、三皇观行刺、单鞭扫台、力举千斤闸、铁霸王出生、炮打台城、姚期得宝枪、插枪镇草桥、献长安、大战蒲城、耿耳出世、更始帝命丧黄河、八党奸臣伏法等。', '128.00', '110.00', '0', '106', '/BookStore/static/bookimgs/QQ截图20160416163255.png');
INSERT INTO `book` VALUES ('128', '青铜器入门', '4', '商务印书馆', '2013-05-01', '李学勤', '《青铜器入门》第一节是总括式的导论，第二、三节则介绍方法和材料，希望读者能予利用。第四至九节，按大的时代顺序叙说青铜器的兴起和演进，第十节补叙中原以外的器物，第十一节择要介绍秦汉青铜器，最后一节专门介绍青铜器的特殊分支——铜镜。', '20.00', '17.00', '0', '100', '/BookStore/static/bookimgs/QQ截图20160416163441.png');
INSERT INTO `book` VALUES ('129', '世界丑闻史', '6', '中国书籍出版社', '2016-01-01', '（日）海野　弘　著，林焕军　译', '我们看到伟人或名人栽跟头就会发笑，内心会颇感释然，原来他们也会跌倒，也会摔跟头啊。丑闻的历史实际上就是一部人类的愚蠢史。人类是多么的愚蠢和卑微啊！\r\n那就从这里开始，让我们走进人类在世界历史上留下的种种丑闻中去吧。何为丑闻，实际上问的是何为人类。人类就是丑闻的主角。人类是会栽跟头的。', '52.00', '31.00', '0', '100', '/BookStore/static/bookimgs/QQ截图20160416163356.png');
INSERT INTO `book` VALUES ('130', '三国故事真与假100例', '6', '成都时代出版社', '2015-06-18', '方北辰 谭良啸', '该书以通俗活泼的风格来解读广为流传三国故事中的历史真相，在回归历史真实中揭示三国故事演变历程被不同时代和不同人群所赋予的思想、情感和寄托。该书是国际国内知名的本土专家学者多年潜心研究和积淀的成果，其集结出版，能发挥传播三国文化、增强文化交流、展现成都意蕴的重要作用。', '29.00', '23.00', '0', '100', '/BookStore/static/bookimgs/QQ截图20160416163442.png');
INSERT INTO `book` VALUES ('131', '历史这个玩意儿：迷倒了恺撒、安东尼的埃及艳后', '6', '中国城市出版社', '2009-12-16', '（德国）埃米尔·路德维希　著，步兮瑶　译', '男人太过莽撞，只顾眼前利益，又常常被这种冲动蒙蔽而令自己误入歧途。但女人却攻于心计，即使面临困境也能峰回路转，达成所愿。曾经的激情爱意带来伤痛，谁能安抚你这颗寂寥失落的心？似水年华匆匆流向何方？却抹不去你那娇美的容颜。', '28.00', '26.00', '0', '100', '/BookStore/static/bookimgs/QQ截图20160416163531.png');
INSERT INTO `book` VALUES ('132', '枪炮、病菌与钢铁—人类社会的命运', '5', '上海译文出版社', '2006-04-01', '[美]贾雷德·戴蒙德', '为什么现代社会中的财富和权力的分配，是以今天这种面貌呈现，而非其他形式？为何越过大洋进行杀戮、征服和灭绝的，不是美洲、非洲的土著，而是欧洲人和亚洲人？各族群间的生活差异为何如此之大？ 对于现代人类、国家间的种种不平等现象，史学家往往存而不论，而在这部作品中，作者为许多大家熟悉以及想当然的答案赋予了截然不同的含义。\r\n 远古时期，各大陆上的人类社会的发展开始分道扬镳。中国、中美洲、美国东南部和其他地区对野生动植物的早期驯化，使这些地区的各个族群获得了一种领先优势。为什么小麦和玉米、牛和猪以及现代世界的其他一些“了不起的”作物和牲畜出现在这些特定地区，而不是出现在其他地区？人们对这个问题的理解至今仍停留在依稀隐约之间。诚然，农业与放牧出现在局部地区，只是对不同族群的不同命运的部分解释，重要的是，发展水平超过狩猎采集阶段的社会，就有可能发展出文字、技术、政府、有组织的宗教，同时也更有可能发展出凶恶的病菌和战争中的强大武器。\r\n正是这样的社会在海洋和陆地上进行冒险，以牺牲其他民族为代价，向新的家园不断扩张，人们最熟悉的例子就是欧洲人在过去500年中对非欧洲民族的征服。开始时，这些欧洲人只是想通过航海去寻找贵金属和香料，结果却常常导致对土著人土地的入侵，并通过屠杀和带来的疾病大批消灭了土著居民。\r\n 在这部开创性的著作中，演化生物学家、人类学家贾雷德戴蒙德揭示了事实上有助于形成历史最广泛模式的环境因素，从而以震撼人心的力量摧毁了以种族主义为基础的人类史理论。本书是理解人类社会发展史方面的一个重大进展，它记录了现代世界及其诸多不平等所以形成的原因，也是一部真正关于全世界各民族的历史，是对人类生活的完整一贯的叙述，具有很强的可读性。本书与戴蒙德的其他两部著作《崩溃》、《第三种黑猩猩》一起堪称为“人类大历史”。', '50.00', '40.00', '0', '100', '/BookStore/static/bookimgs/QQ截图20160416163650.png');
INSERT INTO `book` VALUES ('133', '历史的教训', '5', '四川人民出版社', '2015-01-01', '[ 美] 威尔杜兰特', '　2014年10月13日，中共中央政治局就我国历史上的国家治理进行第十八次集体学习。习近平提出：牢记历史经验、牢记历史教训、牢记历史警示，为推进国家治理体系和治理能力现代化提供有益借鉴。他强调，历史是最好的老师。\r\n　　鉴于此，中央纪委下属出版社中国方正出版社组织出版了曾获美国普利策奖的经典作品《历史的教训》。\r\n　　《历史的教训》一书，是美国著名学者、“普利策奖”获得者威尔杜兰特及其夫人阿里尔杜兰特的代表作。\r\n　　《历史的教训》浓缩了11卷《世界文明史》的精华，通过提纲挈领的线条，勾勒出历史与人类生活各方面的关系，详细说明了地理条件、经济状况、种族优劣、人类本性、宗教活动、社会主义、政府、战争、道德、盛衰定律、生物进化等在历史中所扮演的角色，并总结出历史留给人们的巨大精神遗产。 这些精神遗产给改革中的国人以启迪与警鉴，使其更加智慧地面对当下和未来。', '28.00', '14.00', '0', '100', '/BookStore/static/bookimgs/QQ截图20160416163908.png');
INSERT INTO `book` VALUES ('134', '万历十五年（经典版，布面精装）', '7', '中华书局', '2014-08-14', '（美）黄仁宇　著', '这是黄仁宇名作《万历十五年》的最新中文版本：经典版。经典版统一校订全书文字，增收黄仁宇《1619年的辽东战役》等数篇文章，精选黑白和彩色历史图片以及黄仁宇相片、手迹等40多幅，图文相得益彰，采用布面精装形式，为《万历十五年》截至目前内容最完善、最丰富的版本。随经典版特别附赠《经典的历程》，揭秘本书中文版传奇故事。\r\n　　万历十五年，亦即公元1587年，在西欧历史上为西班牙舰队全部出动征英的前一年；而在中国，在这平平淡淡的一年中，发生了若干为历史学家所易于忽视的事件。这些事件，表面看来虽似末端小节，但实质上却是以前发生大事的症结，也是将在以后掀起波澜的机缘。在历史学家黄仁宇的眼中，其间的关系因果，恰为历史的重点，而我们的大历史之旅，也自此开始……\r\n　　本书英文本推出后，被美国多所大学采用为教科书，并两次获得美国国家图书奖（American Book Awards）历史类好书的提名；中文本问世后，获得如潮好评，成为众多作家、学者、企业家、高校师生的案头必备书，并入选《新周刊》和《书城》“改革开放20年来对中国影响最大的20本书”等。另有日文、法文、德文等版本。', '59.00', '48.00', '0', '100', '/BookStore/static/bookimgs/QQ截图20160416163842.png');
INSERT INTO `book` VALUES ('135', '血酬定律 中国历史中的生存游戏', '5', '语文出版社', '2000-04-11', '吴思', '《血酬定律》是吴思先生在五年前推出的一部作品，此次新版，增写了新的前言，对五年摸索的最新思路与心得作了简要的交代，着重对“血酬定律”的三个要点作了更完整的总结与表述。作者正式提出了“血酬史观”的概念，并预告了自己下一本书的内容：将继续从暴力集团与生产集团关系的角度解释历史现象，用暴力集团之间的竞争关系解释一些重大的制度变迁；理清暴力掠夺生存策略的内外关系，考察各种生存策略的互动和演化，描述演化而成的社会秩序的基本轮廓。\r\n　　《血酬定律》早已成为吴思先生最畅销、最具影响力的作品之一，这本书以作者一贯的幽默叙事风格以及丰富多样的取材，深入浅出地为读者说明影响中国历史的终极法则。书中探讨了不同朝代的性命价格、平民百姓的反抗策略、土匪绑票勒赎的利害逻辑、商贾巨富的抗害手段等主题，这些类型各异的文章，连贯起来看就是在讲中国历史以及社会的形塑原理。', '28.00', '16.00', '0', '100', '/BookStore/static/bookimgs/QQ截图20160416164042.png');
INSERT INTO `book` VALUES ('136', '带一本书去巴黎', '7', '生活.读书.新知三联书店', '2012-08-07', '林达 著', '　　《带一本书去巴黎》的林达又踏上了浪漫花都之旅，然而，背负历史的所在总是沉重的：“一百年，可以积淀、挣扎、反思而产生雨果。一百年，也足以推陈出新，埋葬一段历史，因而彻底忘却，整个民族并不因为经历了什么而有所长进。巴黎是一个城市，也是一段历史缩影……你会感受一些他们的历史观。”', '45.00', '22.00', '0', '100', '/BookStore/static/bookimgs/QQ截图20160416164024.png');
INSERT INTO `book` VALUES ('137', '易中天品三国（独家珍藏精装版）', '5', '上海文艺出版社', '2015-07-01', '易中天', '本精装本由原《品三国（上）》《品三国（下）》合并而成。易中天的“品三国”是央视“百家讲坛”节目基础上改写而成，用通俗的语言，讲述和评论了三国时期的历史，讲述和评论了曹操、刘备、孙权、周瑜、诸葛亮等一大批人物，因其资料丰富、语言生动、逻辑严谨，引得了观众的好评和欢迎。平装本出版后，一直畅销，现已成为常销书。', '65.00', '39.00', '0', '100', '/BookStore/static/bookimgs/QQ截图20160416164129.png');
INSERT INTO `book` VALUES ('138', '中外历史对比年表', '5', '中华书局', '2016-01-01', '中华书局', '《中外历史对比年表》内容以初、高中和大学阶段的通行历史课本为依据，采用中外历史“对比”的形式，一页之中分栏列出中外历史中的重要事件及重要相关人物，同时也适当进行了延伸和拓展。在时间上，上起远古文明下迄1949年新中国成立，涵盖政治、经济、军事、科技、文化等各领域，内容全面、丰富。', '26.00', '19.00', '0', '100', '/BookStore/static/bookimgs/QQ截图20160416164230.png');
INSERT INTO `book` VALUES ('139', '西班牙旅行笔记（第二版 林达作品集）', '7', '生活.读书.新知三联书店', '2012-07-09', '林达 著', '《林达作品系列：西班牙旅行笔记》记述了作者在西班牙旅行的经历。面对西班牙既充满异域风情而又绚丽多姿的历史、艺术、人物和宫殿、教堂、城堡等文化精华，作者在描述其无与伦比的人文及艺术价值外，更把上千年来发生在这块土地上的故事，糅进漫游的行程，使帝王将相、战火烽烟、山川景物，尤其是它走向现代国家的进程贯穿于全书，不但能让读者领略西班牙迷人的风貌，更能深入西班牙幽深的历史，洞悉它深刻而富于启示的社会演化过程。', '60.00', '30.00', '11', '100', '/BookStore/static/bookimgs/QQ截图20160416164135.png');
INSERT INTO `book` VALUES ('140', '潜规则：中国历史中的真实游戏（修订版）', '5', '复旦大学出版社', '2011-12-01', '复旦大学出版社', '《潜规则(中国历史中的真实游戏修订版)》作者吴思是发现和系统研究中国历史“潜规则”的第一人。什么是潜规则？作者在书中有详尽的阐述。简单地说，就是在我们的现实“规则”之后所隐藏着的另一种规则，这种规则才是人们(尤其是官僚权势集团)真正遵循的行为准则，这种行为准则与他们的利害计较紧密相联。《潜规则(中国历史中的真实游戏修订版)》作者说，“潜规则”是他杜撰的词。是一种可以称为内部章程的东西，作者的目的是想今天和未来的中国不再重蹈从秦汉到明清的历代王朝的覆辙。中国社会在正式规定的各种制度之外，在种种明文规定的背后，实际存在着一个不成文的又可获得广泛认可的规矩，并且古已有之，今日更发扬光大，可以叫作“潜规则”。本书便是作者读中国史书时，有关“潜规则”的心得。', '35.00', '29.00', '0', '100', '/BookStore/static/bookimgs/QQ截图20160416164344.png');
INSERT INTO `book` VALUES ('141', '隐蔽的秩序：拆解历史弈局', '7', '海南出版社', '2004-04-06', '吴思 编著', '本书的文体，以叙事为主，辅以背景介绍，各种分析计算穿插其中。在我的个人经验里，由这三种要素构成的文体很适合解析各种人间对局，不妨以“解局”名之。如果以历史弈局为阐述对象，而对局各方的互动必定依次展开，呈现为一种历时性的不断演变的动态结构，那么，叙事善于追摄动态，自然应该占据核心地位。分析计算则是理解或预测结局及其均衡状态的必备工具。背景介绍可以帮助我们跳出局外，拉开多维视野，建立不同时空之间的关系，表达多重弈局的套叠和交织。', '38.00', '22.00', '0', '100', '/BookStore/static/bookimgs/QQ截图20160416164351.png');
INSERT INTO `book` VALUES ('142', '东方照相记', '7', '生活.读书.新知三联书店', '2016-01-01', '南无哀', '全篇以1844年起，来华谈判的法国拉萼尼使团成员于勒伊迪埃拍摄了澳门、广州的市井风物、官员富商、参加谈判的中法代表以及《中法黄埔条约》的签字仪式，这是西方人在中国拍摄的第一批照片，现在还有37张银版存于法国。此后，西方来华的旅行家、传教士、商人、外交官、冒险家、军人、记者各色人等穿行于中国大地，成千上万人留下了关于中国的照片，其中哪些人、哪些照片是最重要的？为何重要？那些著名照片是怎么拍出来的？那些最重要的西方摄影家因何原因来这是一部深入研究1844年中国遭遇摄影术以来，西方重要摄影家在中国的拍摄活动的摄影史著作。书稿呈现出自1844年至上世纪80年代初，20位西方摄影家在中国摄取的近140张历史影像，并用深入浅出的文字加以阐述，非常独特地展现出百年中国大历史下的许多重要细节，细细读来，全书稿图文并茂，血肉丰满。', '59.00', '35.00', '0', '100', '/BookStore/static/bookimgs/QQ截图20160416164443.png');
INSERT INTO `book` VALUES ('143', '利玛窦的记忆宫殿', '5', '广西师范大学出版社', '2016-10-06', '[美]史景迁', '在大航海时代刚刚开启的时候，利玛窦试图用记忆术打开中国的大门，改变这个陌生的文化。中国人跟随他穿过大厅，欣赏图画，步入记忆宫殿的深处，走向十字架这个符号所代表的神学象征。\r\n\r\n 利玛窦有八个记忆碎片奇迹般留传至今，四个汉字和四幅圣经故事画，正是通过这些偶然的遗存，史景迁巧妙地搭建起了两个伟大文明相互交汇的完整图景，我们也得以进入利玛窦营造的记忆宫殿，看他在未知的世界里，时而坚定，时而茫然。', '49.00', '29.00', '0', '100', '/BookStore/static/bookimgs/QQ截图20160416164557.png');
INSERT INTO `book` VALUES ('144', '林达近距离看美国', '7', '生活.读书.新知三联书店', '2014-11-19', '林达', '作者以信件的形式，平实而有魅力的语言讲述着美国现实生活中的故事。书中围绕美国的前十条宪法修正案，即“权利法案”，生动地介绍了美国法律、政治制度的思想原则，建立与发展过程，操作方式，历史价值。美国对公民权利和自由的保障固然重要，可是，更重要的是必须同时理解，美国民众如何为此支付了沉重的代价。', '190.00', '95.00', '0', '100', '/BookStore/static/bookimgs/QQ截图20160416164534.png');
INSERT INTO `book` VALUES ('145', '中国历史的教训', '5', '中信出版社', '2015-01-01', '习骅', '《中国历史的教训》，是一本以人物故事为主线、以廉政思想为内核的中国历史通俗读物，也是第一本由纪检监察干部倾注心血、联系反腐败斗争的实际而写就的读史感悟。\r\n　　作者习骅在“反腐第一线”工作多年，全书收录了他创作于2012年—2014年，并发表在《中国纪检监察报》等多家媒体上的24篇“说古道今”的文章，以轻松的笔调通过众多令人嗟叹与沉思的人物故事，来讲述历史风云变幻中的不变正道。作者巧妙地从古今历史，特别是明清治国、吏治等历史典故中寻求成败教训、总结得失经验。\r\n　　《中国历史的教训》有趣、有料，叙事流畅生动，见解独到深刻，传递廉政新思维正能量。', '28.00', '20.00', '0', '100', '/BookStore/static/bookimgs/QQ截图20160416164700.png');
INSERT INTO `book` VALUES ('146', '万历十五年', '7', '中华书局', '2006-08-16', '黄仁宇', '万历十五年，亦即公元1587年，在西欧历史上为西班牙舰队全部出动征英的前一年；而在中国，这平平淡淡的一年中，发生了若干为历史学家所易于忽视的事件。这些事件，表面看来虽似末端小节，但实质上却是以前发生大事的症结，也是将在以后掀起波澜的机缘。在历史学家黄仁宇的眼中，其间的关系因果，恰为历史的重点，而我们的大历史之旅，也自此开始……\r\n本书英文本推出后，被美国多所大学采用为教科书，并两次获得美国书卷奖历史类好书的提名；中文本问世后，获得如潮好评，成为众多作家、学者、企业家、高校师生的案头必备书，并入选《新周刊》和《书城》“改革开放20年来对中国影响最大的20本书”。另有日文、法文、德文等版本。', '36.00', '30.00', '0', '100', '/BookStore/static/bookimgs/QQ截图20160416164619.png');
INSERT INTO `book` VALUES ('147', '清流文化与唐帝国', '5', '北京大学出版社', '2016-03-01', '陆扬', '《清流文化与唐帝国》由一系列有密切关联而又独立成篇的论文组成。论文通过结合心态史、文化史和制度史等诸多取径来重新观察唐后期到五代的政治文化，以唐后期的皇权政治和清流文化为考察重点，试图为唐五代的转型提供一个新的认识框架。本书强调从唐代特殊的政治心态和文化想象的角度去理解清流文化及其代表性群体在晚唐五代社会中的垄断和自我延续的能力，去捕捉促成这些现象的种种无形的力量，并解释唐代新政治文化的两个层面如何互动并产生新的政治格局，同时也使得唐帝国的政治文化理念在影响日益显著的同时也讽刺性地削弱了唐帝国自身的存在能力。', '69.00', '35.00', '0', '100', '/BookStore/static/bookimgs/QQ截图20160416164751.png');
INSERT INTO `book` VALUES ('148', '天公不语对枯棋', '7', '生活.读书.新知三联书店', '2014-08-04', '姜鸣　著', '这是一部紧紧围绕重要事件和关键人物讲述晚清政局的历史读物。作者笔下的北京胜迹，皇宫御苑、王府宅邸、街头巷尾，都曾经是风华绝代的历史亡灵活动的舞台。作者用极富感染力的细节叙述，再现了慈禧太后、光绪皇帝与李鸿章等亲王重臣、康梁等维新人士在历史关头的艰难抉择和复杂多变的内心世界，为那个时代勾勒出鲜活的形象，不止是消闲破闷的京华掌故，更浸透着史学行家的功夫，发旧思而生新意。\r\n全书约配两百幅珍贵的历史图片。书名“天公不语对枯棋”，典出沧趣老人陈宝琛的诗作“感春四首”，是诗人对甲午战争失败后国事危机的浓缩概括，作者移作本书书名，因为书中描写的诸多事件，正是发生在那个艰难的年代。\r\n2006年初版，深受读者欢迎。此次改版新刊，作者对部分内容、图片做了调整、修订，面貌一新。', '52.00', '31.00', '0', '100', '/BookStore/static/bookimgs/QQ截图20160416164708.png');
INSERT INTO `book` VALUES ('149', '历史研究（上下册）', '5', '上海人民出版社', '2015-01-01', '【英】阿诺德.汤因比', '在本书中，作者列举了世界历史上的二十余种存活或已经死亡的文明形态，并对它们的各自发展作了综合比较，他认为，文化是通过对环境的“挑战”的应战所遭受的考验而产生的；文化的生长是由那些“退隐”和“复出”的少数伟大人物的历史活动所决定的；文化的衰落来自于少数创造者丧失了创造能力，多数人相应地不再支持与模仿，整个社会失去了新的应战能力；文明的解体在于社会体系和灵魂的分裂。本书破除了西方中心论和单一历史线性发展的史观，在西方历史哲学著作中具有崇高的地位。', '98.00', '77.00', '0', '100', '/BookStore/static/bookimgs/QQ截图20160416164900.png');
INSERT INTO `book` VALUES ('150', '万历十五年（最新增订本）', '7', '九州出版社', '2015-03-12', '黄仁宇　著', '《万历十五年》是黄仁宇先生的一部明史研究专著。这本书以1587年，即万历十五年这一年前后的史事和那个时代的人物为中心展开叙述。\r\n全书按照几个个性鲜明的历史人物如万历皇帝、申时令、张居正、海瑞、戚继光、李贽等分为七个章节，在人物的叙述之间穿插着或大如抗击倭寇，或小如妃嫔斗争的历史事件。作者研究的明史，并不只拘泥于大事件和热点，而是捕捉到万历年间表面虽似末端小节，实则为后世历史的发展埋下重要于伏笔的事件。在作者的眼中，这些事件相互关联，互为因果，均是历史的重点。作者在全书中表达着对明史深刻的思考与分析，他梳理了中国传统社会管理层面存在的种种问题，并在此基础上探索现代中国应当汲取的经验和教训。', '32.00', '23.00', '0', '100', '/BookStore/static/bookimgs/QQ截图20160416164804.png');
INSERT INTO `book` VALUES ('151', '历史在你我身边（林达作品集）', '7', '生活.读书.新知三联书店', '2014-09-18', '林达　著', '　《历史在你我身边》与《扫起落叶好过冬》、《一路走来一路读》同属一类，为林达近年文章的结集，不同的是前两书内容基本都围绕美国，而本书则多有中国及世界其他地方的故事，显示了作者眼界的开阔和思考内容的多样。至于叙事和文字风格仍沿袭以往的精准流畅和亲和性。', '45.00', '22.00', '0', '100', '/BookStore/static/bookimgs/QQ截图20160416164854.png');
INSERT INTO `book` VALUES ('152', '文明史：人类五千年文明的传承与交流', '5', '中信出版社', '2014-05-01', '费尔南 布罗代尔', '　《文明史》是法国著名史学家布罗代尔独力撰写的一部简明世界通史。以《地中海史》等鸿篇巨制蜚声世界的布罗代尔力图借这部作品，让年轻人对历史和现实产生兴趣，让他们“在理解历史的同时，直面他们即将生活于其中的世界”。\r\n　　《文明史》从文明的角度，讲述人类历史的发展，覆盖人类居住的全部地区、经历的全部历史。全书分为三大部分二十五章。第一部分“文明释义”着重叙述有关文明与文化的问题；第二部分“欧洲以外的文明”分为三个小部分，分别介绍了“伊斯兰与穆斯林世界”“非洲”“远东”的文明；第三部分“欧洲文明”同样分为三个小部分：欧洲、美洲以及另一个欧洲（东欧和俄国）。\r\n　　这是一部堪称经典的史学著作，在大量汲取各学科研究成果的基础之上，按照布罗代尔的长时段、中时段、短时段及总体史学观念写成。全书各个部分自成一体，既考察过去，又论及不远的将来，兼有章节简约和内涵丰富之长。不仅视野广阔，反映政治军事状况，更呈现经济、社会、文化等人类活动各个方面的整体；而且注重对历史的洞察，对趋势的把握，探求整体的人类历史的深层意义。\r\n　　自1963年初版以来，《文明史》在法国持续重版，并被翻译成十几种语言，英文、意大利文、德文、日文等译本广受好评，至今畅销不衰。被赞誉为“历史学家中的历史学家”的布罗代尔，带给了大众“一部名副其实的世界史”。\r\n　　中译本根据最新法文版，全新翻译修订出版。', '68.00', '53.00', '0', '100', '/BookStore/static/bookimgs/QQ截图20160416165013.png');
INSERT INTO `book` VALUES ('153', '黄河青山（精装版）', '7', '生活.读书.新知三联书店', '2014-08-05', '黄仁宇　著', '《黄河青山》是规模宏大的回忆录，从作者早年的从军经历到壮年时期在美国打工、求学、无所不包；本书又是一部眼光非凡的“大历史”，检讨中国近代革命，统摄几千年的中国历史进程；黄仁宇传递给我们他脱胎于悠久文化的壮阔史观，即使他对此文化不无批评之处。他的文字浅显明白，就算毫无背景的人也读得懂。也许正因为这样，美国大文豪厄卜代克才形容他的文笔仿佛具备卡夫卡的梦幻特质。\r\n黄仁宇的回忆录共有36万字篇幅，自述生平经历与学术研究经验，并具小说叙述的技巧。全书定名为《黄河青山》（Yellow River and Blue Mountains）；分为两大部分：“自己的浴室”、“我所付出的代价”；书前并有多幅珍贵的个人及历史照片。', '58.00', '34.00', '0', '100', '/BookStore/static/bookimgs/QQ截图20160416164945.png');
INSERT INTO `book` VALUES ('154', '治史三书', '5', '上海人民出版社', '2011-06-01', '严耕望　', '　《治史三书》作者严耕望享誉国际史坛，是钱穆最欣赏的学生，胡适、杨联陞一致称许的史学大家，余英时誉之为中国史学界的朴实楷模。本书汇集了严耕望先生的三本小书《治史经验谈》、《治史答问》和《钱穆宾四先生与我》，系著者总结数十年从师问学的历程与研治国史的实际经验，现身说法，指示后人以治史门径。著者不矜其能，不放言高论，举凡历史学研究的基本方法、具体规律、论题选择、论著标准、论文体式、引用材料与注释方式、论文撰写及改订，以及努力途径与生活修养等诸多问题，皆以质朴流畅的语言娓娓道来，原原本本，条分缕析，诚挚亲切，务求实用，可谓金针度人，功在学林。', '36.00', '28.00', '0', '100', '/BookStore/static/bookimgs/QQ截图20160416165130.png');
INSERT INTO `book` VALUES ('155', '黄仁宇作品集（精装版 套装全九册）', '6', '生活.读书.新知三联书店', '2015-08-13', '黄仁宇', '　《黄仁宇作品系列（共9册）（精）》收录了黄仁宇先生的《中国大历史》《万历十五年》《关系千万重》《地北天南叙古今》《放宽历史的视界》《赫逊河畔谈中国历史》《十六世纪明代中国之财政与税收》《黄河青山》《资本主义与二十一世纪》等作品。 《中国大历史》从技术的角度分析中国历史的进程，着眼于现代型的经济体制如何为传统社会所不容，以及是何契机使其在中国土地上落脚。 《万历十五年》自80年代初在中国大陆出版以来，好评如潮，在学术界和文化界有广泛的影响。 在《黄河青山——黄仁宇回忆录》中，西方世界的读者将有手机会了解，史迪威将军的美国幕僚群及中国野战部队之间如何进行恶意竞争，而且是站在后者的角度观察。我们的作者就在现场。', '408.00', '224.00', '0', '100', '/BookStore/static/bookimgs/QQ截图20160416165036.png');
INSERT INTO `book` VALUES ('156', '图说故宫', '6', '中华书局', '2013-01-08', '王镜轮　著', '　故宫是一个说不尽的话题，一部读不完的无字书，一座寻不尽的迷宫，一个时空交叠的大信息场。它以物质的形式，呈现着几千年帝制中国的形象；它丰富的藏品，是中华几千年文明的物证；在它的背后还有无形的思想体系。\r\n　　怎样以一种便捷的方式了解故宫、走近故宫呢？这本《图说故宫》，以专家做导游，带您浏览观赏这座庄严而神秘的紫禁城。\r\n　　全书以图片为主，辅以文字说明，以建筑为线索，通过建筑讲历史，讲文化。近五百幅图片直观呈现故宫的建筑、器物、人物、景观，十余万字详解每幅图片的内容及其背后沉淀的文化，有全景、有细节、有历史、有人物、有故事。如此巨大的信息量，却可以像翻杂志一样轻松阅读，可以随意在每页停留，都能有所收获。', '39.00', '29.00', '0', '100', '/BookStore/static/bookimgs/QQ截图20160416165118.png');
INSERT INTO `book` VALUES ('157', '忧乐为天下：范仲淹与庆历新政', '5', '山西人民出版社发行部', '2016-01-01', '林嘉文', '本书写的是范仲淹领导的北宋第一次改革运动。 \r\n\r\n北宋王朝在经历了前三朝对政权的巩固后，翻开了新的一页。对内，朝廷积贫积弱的现象渐渐表露，对外关系上，契丹与西夏的崛起为北宋西北边疆带来巨大压力。当社会出现种种问题，但尚未达到政权覆亡的程度，一些有远见的政治家会站出来变法。朝堂上，一批敏感的士大夫如范仲淹、富弼、欧阳修、苏舜钦等，渐渐萌生出改革救弊、振时兴治的思潮和诉求。公元1022年，随着宋仁宗的即位， 新的时代降临，北宋朝堂上的改革呼声也汹涌而来，在这一片舆论支持下，以范仲淹为代表的一批革新士大夫粉墨登场，领导了轰轰烈烈的革新运动，史称“庆历新政”。虽然革新运动最终夭折，但其对振奋士大夫精神，产生了不可估量的深远影响。', '59.00', '40.00', '0', '100', '/BookStore/static/bookimgs/QQ截图20160416165230.png');
INSERT INTO `book` VALUES ('158', '绍兴十二年', '7', '江苏文艺出版社', '2015-03-19', '夏坚勇', '绍兴十二年（公元1142年）是南宋历史上具有分水岭和里程碑意义的一年。此前，绍兴十一年年底，宋金和议正式签署；腊月二十九日（小年夜），岳飞被杀。这既标志着靖康之难后长达十五年战乱的结束，又是南宋王朝此后一以贯之的外示苟且、内图繁荣这一基本国策的转型期，宋高宗自诩的“中兴盛世”亦由此拉开了帷幕。这一年所发生的一系列事件，对于观照整个南宋以至中国的封建社会，都具有相当典型的标本意义。\r\n《绍兴十二年》力图通过绍兴十二年这个历史的横切面，以一个排比有序的时间脉络为经线，以该年所发生的一系列重大事件为纬线，全方位地反映那个时代的政治风云和社会生活，深入揭示当事人的内心世界和行为逻辑。其中既有关于那个时代政治和军事方面纵横捭阖的宏大叙事，又有涉及社会生活各个层面的精微刻画，举凡风俗、物价、科举、学潮、艺文、官制、茶政、马政、度牒、驿传、地理、气候、产业、外贸、宗室、外戚，巨细靡遗，极其精巧地镶嵌于一个波澜起伏的大情节的框架内。作者无意于对历史的通俗阐释或戏说，也不满足于站在道德的至高点重复那些既有的评价体系对人物和事件的定性定调，而是作力于在笔下呈现一种历史的诗情与哲理，还原当时的时代氛围和社会肌理，追逐人物的心路历程，从而走向一个更为深广的历史时空和精神世界。', '38.00', '30.00', '0', '100', '/BookStore/static/bookimgs/QQ截图20160416165210.png');
INSERT INTO `book` VALUES ('159', '历史的细节', '7', '上海三联', '2009-10-06', '杜君立', '　人类是生而自由的，但奴役无所不在，那么征服与统治是如何起源的？在冷兵器时代，为什么总是野蛮征服文明？但农耕中国为什么却可以击溃游牧民族匈奴？“上帝的鞭子”又如何用马镫轻易地改写了欧洲史？民主又何以出现在欧洲？崖山之后，中国为什么会走向文明滑落？火药和印刷如何成为现代文明的起源？为什么中国发明了火药，却没有发明枪炮？为什么中国发明了指南针，却没有发现新大陆？为什么中国发明了轮子，却盛行轿子？为什么中国发明了铸铁和采煤，工业革命却没有发生在中国？主导现代世界的为什么是欧洲而不是中国？……\r\n　　《历史的细节：马镫、轮子和机器如何重构中国与世界》从“大历史”的角度重新审视“物”在现代世界、现代中国及现代文明形成过程中的历史作用，以优美节制的文字和理性深邃的洞见，揭示了真实历史中一些普遍性的人类文明发展模式，以及其背后蕴含的纷杂吊诡的物质动因，是当下人们理解整个人类社会发展史和中国文明进化史的独特文本。\r\n\r\n　《历史的细节Ⅱ：弓箭、火药和船如何改变世界》在这部闪烁着思想光芒与历史细节的作品中，杜君立集百家之长，见微知著，气势恢宏，以优美节制的文字和理性深邃的洞见，揭示了真实历史中一些普遍性的人类文明发展模式，以及其背后蕴含的纷杂吊诡的物质动因。在当下这个将历史功利化和庸俗化的戏说恶搞潮流中，本书以其广博理性而震撼人心的平民视角和人文情怀，尊重历史的严肃和思想的真实，试图解构传统的以权谋思想和国家主义为基础的狭隘的历史叙述模式。\r\n\r\n\r\n　　本书是当下人们理解整个人类社会发展史和中国文明进化史的一个独特文本，它从“大历史”的角度重新审视现代世界、现代中国及其诸多人类不平等形成的历史原因。同时，本书也是一部有诚意有良知的关于人类文明谱系中不同民族发展命运的历史读本。基于人类生活休戚与共的统一性和完整性，作者依靠大量的历史文献和最新资讯，旁征博引，兼容并蓄，娓娓道来，既有宏大叙事之视野，又不失洞幽烛微之细腻。', '78.00', '38.00', '0', '100', '/BookStore/static/bookimgs/QQ截图20160416165301.png');
INSERT INTO `book` VALUES ('160', '历史与看客', '7', '重庆出版社', '2013-08-14', '张鸣　著', '　　《知识分子丛书:历史与看客》是张鸣教授的历史随笔集。全书涉及了中国不同年代的历史事件和人物，作者视角另类，笔调生动，勾勒出历史中形形色色的大小人物和不为人知的奇闻轶事，剖析历史深处所隐藏的秘密和真相。“历史与看客”，有历史八卦，有历史揭秘，有历史翻案，有史事反证，还有对世态民生、草根阶层、农村问题的关注。张鸣教授始终不脱离历史学家的本色，在这本《历史与看客》中，他游刃有余地行走于历史与现实之间。书中的文章类似于项庄舞剑，其意不在小故事，而在于通过小故事来说明一个道理。于是乎，谈笑间，小到为人处世，大到治国为吏，读者均受启迪。', '32.00', '16.00', '0', '100', '/BookStore/static/bookimgs/QQ截图20160416165350.png');
INSERT INTO `book` VALUES ('161', '中国历史年表（升级版）', '1', '中华书局', '2016-01-01', '中国社会科学院历史研究所', '　以图表的形式按年代顺序，将中国历史的发展与变化直观地显现于一表中。本书是2013年1月中华书局版《中国历史年表》的修订版，作者对相关内容做了巨大改动。', '46.00', '34.00', '3', '97', '/BookStore/static/bookimgs/QQ截图20160416165817.png');
INSERT INTO `book` VALUES ('162', '樊树志晚明大变局', '1', '中华书局', '2015-08-01', '樊树志', '　《晚明大变局》是樊树志先生五十余年明史研究及对中国历史思考的结晶，是继《晚明史》之后，对晚明历史研究的又一力作。本书在进一步推进晚明史研究的同时，对中国大历史的变迁发展提出了新的见解——晚明大变局是中国历史发展中至关重要的一个环节，它是晚清以后中国社会发生颠覆性大变局的思想和文化潜源。\r\n　　宏阔的学术视野结合细致入微的考证爬梳，本书中，樊先生在诸如“倭寇”问题、西学问题、东林及复社问题等上，澄清了人们的诸多误解，还原了历史的真相。同时，樊树志先生高屋建瓴地指出，以徐光启为代表的明末士大夫，是中国第一批放眼看世界的中国人，并还原了瞿汝夔在西学东渐过程的关键性作用，打破了学界历来引用西方学者认为明代中国天主教传教成功仅归功“三大柱石”而忽略瞿汝夔的成说，推进了晚明史研究的高度。\r\n　　樊树志先生的语言通畅浅近，将学术界最新的研究成果转化为了大众能读懂的历史叙述，真正做到雅俗共读，在推进了晚明历史研究的同时，给读者提供了一本系统了解晚明社会发展的简明通史著作。', '58.00', '43.00', '1', '99', '/BookStore/static/bookimgs/QQ截图20160416165941.png');
INSERT INTO `book` VALUES ('163', '国学经典丛书：东京梦华录', '8', '中州古籍出版社', '2009-06-09', '（宋）孟元老 撰，王永宽 注译', '北宋的首都东京开封，是当时世界上人口最多、经济最为发达、最为繁荣的城市之一。这在宋代的史书志乘及众多的文人笔记、著述中，都有大量生动的记载。然而，最为完整、全面地反映北宋京城社会生活的，当首推《东京梦华录》。\r\n《东京梦华录》所记述的，从都城的范围到皇宫建筑，从官署的处所到城内的街坊，从饮食起居到岁时节令，从歌舞曲艺到婚丧习俗，几乎无所不包，我们不仅可以了解当时的民风时尚，同时也能感受到宋代发达的经济和繁荣的城市生活。', '20.00', '12.00', '0', '100', '/BookStore/static/bookimgs/QQ截图20160416165829.png');
INSERT INTO `book` VALUES ('164', '中国近代史', '1', '武汉出版社', '2012-06-01', '蒋廷黻', '　从鸦片战争到辛亥革命，从洋务运动到百日维新，从曾国藩到康有为，从李鸿章到孙中山，本书将近百年的演变和人物娓娓道来，没有枯燥的考据，没有史料的堆砌，却尽显国家前途、民族命运和社会发展趋势。\r\n　　本书以中国的近代化为线索，认为“中国人能否近代化将关系国家兴亡”，主要阐述了面对“数千年未有之大变局”，近代人所做的自强努力及其失败的原因，进而提出“近代化国防不但需要近代的交通、教育、经济，并又需要近代化的政治和国民，半新半旧是不中用的。”\r\n　　本书构建的史学框架和断代史体系，曾引领了近代史研究的风潮，为后来的研究者所推崇，被称为近代中国史研究的开山之作', '29.00', '8.90', '0', '100', '/BookStore/static/bookimgs/QQ截图20160416170042.png');
INSERT INTO `book` VALUES ('165', '续资治通鉴（全十二册，繁体竖排）', '8', '中华书局', '2016-01-14', '毕沅　编', '　　《续资治通鉴》220卷，记载了自宋太祖建隆元年(960)至元顺帝至正二十八年(1366)，凡26主、411年的历史。体例为编年纪事体。本书对于了解宋辽金元四朝的史事颇具参考价值。此点校本根据明嘉靖六年冯集梧刻本，并参考其他多种史书的有关记载整理而成。', '588.00', '477.00', '0', '100', '/BookStore/static/bookimgs/QQ截图20160416165931.png');
INSERT INTO `book` VALUES ('166', '曾国藩日记', '8', '岳麓书社', '2014-06-11', '曾国藩，唐浩明　著', '　　日记一般是写给自己看的，备忘纪实的文字，是作者人生轨迹与心路历程的最忠实的记录。一些重要人物的日记，往往是研究其所经历的那一段历史最好的史料之一。曾国藩的日记也是如此，它起自道光十九年（1839），终于同治十一年（1872）逝世前夕，前后跨度达30余年。其内容囊括了曾国藩生活的方方面面，可以说是晚清社会生活的一部小百科全书。\r\n　　岳麓书社出版的《曾国藩日记》（全收录珍藏本）由曾国藩研究权威、著名作家、学者唐浩明先生等人不遗余力进行搜集整理，收入曾氏《绵绵穆穆之室日记》及《无慢室日记》，共计200万字，涵盖了目前所能搜集到的所有曾国藩的日记，是迄今为止收录其日记数量最多最完整的曾国藩日记大全集。', '198.00', '118.00', '0', '100', '/BookStore/static/bookimgs/QQ截图20160416170014.png');
INSERT INTO `book` VALUES ('167', '从晚清到民国', '1', '中国文史出版社', '2015-06-01', '唐德刚', '　长江三峡的曲折动荡，是中国人的骄傲，也是中国自然史上的潮信地带。鸦片战争，揭开了中国二千年一遇的“社会文化大转型”的序幕。在史学大家唐德刚的慧眼中，“人文史观”一如“自然史观”，1840年的一场战役不仅掀起了中国社会政治形态的大变革，也使历史潮流中的长河，尤需历时百年的诡谲动荡，方能进入壮阔的太平洋。唐德刚交融三峡史观与人文探索于本书，成就一部客观而深入的中国近代史书。', '58.00', '29.00', '0', '100', '/BookStore/static/bookimgs/QQ截图20160416170154.png');
INSERT INTO `book` VALUES ('168', '复堂师友手札菁华', '8', '人民文学出版社', '2015-06-11', '钱基博　著', '晚近名流翰墨尚品，钱氏学人两代珍藏。', '1080.00', '837.00', '0', '100', '/BookStore/static/bookimgs/QQ截图20160416170124.png');
INSERT INTO `book` VALUES ('169', '中国大历史（黄仁宇大历史观代表作）', '1', '生活.读书.新知三联书店', '2014-06-01', '黄仁宇', '《中国大历史》是美籍华裔历史学家黄仁宇的代表作之一。黄仁宇的一生富有传奇色彩。他1918年出生在湖南长沙，1936年考入天津南开大学电机工程系。抗日战争爆发后弃文从伍，曾参加中国远征军，进入印度作战。1950年退伍后负笈美国，以34岁的“高龄”从大学三年级读起，终于1964年获得密执根大学历史系博士。此后，他先后在纽约州立大学纽普兹分校、哥伦比亚大学及哈佛大学东亚研究所任教、从事研究。1979年曾赴普林斯顿大学，参与《剑桥中国史》的集体研究工作，撰写明朝部分。\r\n这部书以短短二十余万字的篇幅，勾画了整个中国历史长达数千年的全貌。中国历史典籍浩如烟海，常使初学者不得其门而入。作者一改以往史学家的著述方式，不以史料堆砌为目的，也不以单一历史事件为关注点。作者倡导大历史，主张利用归纳法将现有史料高度压缩，先构成一个简明而前后连贯的纲领，和欧美史有了互相比较的幅度与层次，然后去作进一步的研究。这种“大”历史的著述方式，注重的是对历史宏观线条的勾画，注重的是历史本身相沿成型的结构框架。本书从技术的角度分析中国历史的进程，着眼于现代型的经济体制如何为传统社会所不容，以及是何契机使其在中国土地上落脚。', '28.00', '14.00', '0', '100', '/BookStore/static/bookimgs/QQ截图20160416170252.png');
INSERT INTO `book` VALUES ('170', '失落的一代：中国的上山下乡运动', '8', '中国大百科全书出版社', '2010-01-21', '（法）潘鸣啸　著，欧阳因　译', '1966年中国掀起“文化大革命”，学校停课，城镇中学生先“闹革命”当红卫兵，后被下放到农村去。据统计，1968至1980年间的下乡人数，大约有1700万。这场有组织的大规模人口迁移，是一场彻底的政治运动，名为“上山下乡运动”，在世界或在中国来看，都是史无前例的。这场运动对整整这一代城镇青年产生了深远的影响。不仅打乱了他们的生活秩序，使他们失去了受教育的机会，而且影响他们的家庭，以及整个城市社会，甚至农村社会。这整一代人可以被称作“失落的一代”。\r\n本书揭示了发起这场运动的领导人公开或隐蔽的动机，与他们为达到目的所使用的手法，同时分析了他们的这些决定在整个社会上所引致的后果。本书也探讨了下乡运动进行了20多年(包括“文化大革命”前小规模的运动)，为何会在1980年突然寿终正寝，并且研究了这场运动在中国社会、政治及经济上留下了什么印记，以及它在中国当代历史上应该占一个什么位置。', '45.00', '38.00', '0', '100', '/BookStore/static/bookimgs/QQ截图20160416170214.png');
INSERT INTO `book` VALUES ('171', '中国通史（精装插图版）', '1', '中国通史（精装插图版）', '2012-05-01', '吕思勉　', '　本书分为上下两部分，上编主讲文化现象，下编则按照历史顺序加以串联，在理乱兴亡的同时将历史知识更系统地进行梳理。吕先生著此书时正值抗日战争，是为了满足当时大学教学的需求而编写，如今看来，这种特殊的体例对初学者系统掌握历史各个方面还是很有帮助的。\r\n　　本书从面世至今，不断再版，足以说明人们对吕先生和他以白话写通史的认可。对于这样一部经典之作，长处本无需赘述，可在此仍要强调一下本书的特点：我国历史上优秀的史学典籍本是不少，无奈笔墨宏大过于高深，将文言功底本就不深的初级读者挡在了门外，而吕先生这本书简明扼要，行文浅显，相对简单了不少。', '39.00', '19.00', '0', '100', '/BookStore/static/bookimgs/QQ截图20160416170408.png');
INSERT INTO `book` VALUES ('172', '中外历史年表（校订本）', '8', '中华书局', '2008-04-08', '翦伯赞　编，齐思和　等编', '翦伯赞主编，齐思和、刘启戈、聂崇岐合编的《中外历史年表》，1961年由我局出版，是一部内容丰富、观点稳妥、编辑科学、检索方便的历史工具书，至今仍为社会各界广泛应用。但由于出版年代已久，需要检校重排。1987年，我局委托北京大学张传玺教授和齐文颖教授开始对此书进行全面校订。此次校订，主要做了以下四个方面的工作；\r\n   (1)补正文字——原版存在一些错别字及纸型残损斑剥的情况，字体繁简不一，今据国家公布的简化汉字订正补齐。\r\n    (2)核对史事——凡史料不完整、不准确的，酌补或校订，重复的予以删除。\r\n   (3)校订译名——主要根据或参考图书有《世界地图册》(中国地图出版社1998年版)、《中国大百科全书。世界历史》 (中国大百科全书出版社1992年版)、《世界历史辞典》(上海辞书出版社1985年版)、<泰晤士世界历史地图集》(中文版，三联书店1983年版)、《世界历史地图集》(中国地图出版社2002年版)等。同一译名前后不一致的，也据此统一。\r\n   (4)古代中国国界和跨国界民族事——主要参考谭其骧主编的《中国历史地图集》(中国地图出版社1998年版)', '98.00', '84.00', '0', '100', '/BookStore/static/bookimgs/QQ截图20160416170301.png');
INSERT INTO `book` VALUES ('173', '胡若望的疑问', '8', '广西师范大学出版社', '2014-03-06', '史景迁　著，陈信宏　译', '　本书以日志形式记述了18世纪一名叫胡若望的中国天主教徒在法国奇迹般的生活经历，并辅这一早期中外文化宗教交流的史事。东西方文化的巨大差异使这个中国人的法兰西之旅充满艰辛手曲折，灵魂也备受煎熬，以致最后竟沦落到精神病院。本书再现了胡若望200多年前的奇遇，并试图对他的疑惑予以历史和文化的解释。', '36.00', '21.00', '0', '100', '/BookStore/static/bookimgs/QQ截图20160416170353.png');
INSERT INTO `book` VALUES ('174', '天朝的崩溃 修订本', '1', '生活·读书·新知三联书店', '2014-10-01', '生活·读书·新知三联书店', '《天朝的崩溃》这本书是作者系统研究鸦片战争历经十余年所得成果。\r\n　　作者详尽考订了与战争相关的一系列重要史实，力图以当时的道德观念、思维方式与行为规范去理解历史，使许多在今人看来是荒谬的现象得以显示其在当时环境中的“合理性”。同时，通过对有关人物及其言行活动分析，观察清王朝在历史转折关头的作为，揭示历史进程中的偶然与必然。鸦片战争在中国近代史上影响重大，有关著述已出版不少。本书的研究可谓推陈出新，作者一系列独到创见可能在学术界引起争议，相信这种争议将有助于深化中国近代史研究。\r\n　　本书对我国鸦片战争这段历史作了回顾，试图以全新的视角来解析这场颠覆清王朝的浩劫。作为一名求真的治史者，作者历数了清朝的军事力量、骤然而至的战争、广州的“战局”、“抚”议再起等内容，从一个侧面反映了鸦片战争对于清朝统治打击的致命性，是一部不可多得的史学论著。', '59.00', '35.00', '0', '100', '/BookStore/static/bookimgs/QQ截图20160416170518.png');
INSERT INTO `book` VALUES ('175', '分享收藏商品 资治通鉴皇家读本（上中下）', '8', '上海古籍出版社', '2006-03-07', '张居正　讲评，陈生玺　等注评', '　　本书是一代名相张居正为皇太子朱翊钧(即后来的万历皇帝)系统讲解《资治通鉴》的精编讲义，调度浓缩了从上古到宋元数千年间的历史事实，是中国古代政治艺术、处世经验的集大成之作。张居正的讲评用当时的流行口语娓娓道来，老于官场、明乎事故的真知灼见比比皆是，对现代的读者具有多方面的借鉴价值。本书由知名学者陈生玺教授主持整理，不仅系统地标点校勘，而且对重要人物、名物制度、生僻语词加以简明的注释，并撰写了精彩的评议，用现代意识关注原著，进一步发掘其中的丰富意蕴。', '68.00', '51.00', '0', '100', '/BookStore/static/bookimgs/QQ截图20160416170445.png');
INSERT INTO `book` VALUES ('176', '许倬云说中国：一个不断变化的复杂共同体', '1', '广西师范大学出版社', '2015-05-01', '广西师范大学出版社', '本书的起因，乃是有一位朋友提出一个问题：“我”究竟是谁？这个问题不是一言两语可以解决的。本书的陈述，从新石器文化开始，结束于帝制皇朝退出历史。这漫长的时距，不下于一万年，乃是概括我们这一个复杂文化共同体演变的过程……在这几千年来，世界第一次走向全球化的时代，我们审察自己的归属和认同，也审察族群归属和认同的原则，应是非常严肃的课题，庶几我们不被狭窄而偏激的族群狂傲挟持，迷失了自己往前走的方向。\r\n\r\n ——许倬云\r\n\r\n 许倬云教授以系统论的方法，围绕着“中国究竟是什么，我们究竟是谁”这个问题，从新石器时代谈起，一直到清朝结束前夜，讲述“华夏/中国”这一个复杂的共同体是如何不断演变的。\r\n\r\n 本书的结构体例、行文风格，均属于“大历史”的范畴，没有铺陈细节，也没有繁琐的论证，而是选择每个时代在政治、经济、社会、文化方面的关键点，以及相互间的互动，来勾勒出各个时代的面貌，其中多有令人击节的真知灼见，也不时流露出作者对中国文化和当代社会的深切关怀。', '48.00', '28.00', '0', '100', '/BookStore/static/bookimgs/QQ截图20160416170631.png');
INSERT INTO `book` VALUES ('177', '战国策全鉴', '8', '中国纺织出版社', '2015-01-06', '（西汉）刘向　著，孙红颖　解译', '《战国策》是一部汇编而成的国别体史学名著，由西汉末年的刘向编校、整理成书。全书共分为十二策，三十三卷，约十二万字，主要记述了战国时期纵横家为其所辅之国所提的政治主张和外交策略，展示了战国时期的历史特点和社会风貌，具有极高的史学价值，是研究战国历史的重要典籍。本书精选了《战国策》中的名篇，对文章中的生僻字词加以注释，并用现代白话文翻译，以利于读者朋友们更好地学习和理解这一经典著作。', '38.00', '22.00', '0', '100', '/BookStore/static/bookimgs/QQ截图20160416170531.png');
INSERT INTO `book` VALUES ('178', '迷茫年少时——我的“文革”记忆', '8', '人民出版社', '2015-03-19', '于斌　著', '　本书稿从个人的视角介绍了武汉地区在1966—1976年间发生的一系列重大事件。许多资料根据作者当年的日记整理而成，具有重要的史料价值。书稿中涉及“文革”时期武汉地区发生的许多重大事件，如武汉地区在“文革”初期“破四旧”的实况和“大串联”情况，武汉“720事件”，“教育革命”中的中小学状况以及“文革”后期知识分子和青年工人的思想变化，等等。口述历史在某种程度上弥补了正史记载的不足，对中国当代历史的研究具有重要的参考价值。书稿从一个侧面反映了上世纪60－70年代中国基层社会的变迁。', '48.00', '41.00', '0', '100', '/BookStore/static/bookimgs/QQ截图20160416170618.png');
INSERT INTO `book` VALUES ('179', '楚亡：从项羽到韩信', '1', '生活·读书·新知三联书店', '2015-05-01', '李开元', '司马迁《史记》写下了楚汉之争的千古绝唱。那个英雄辈出的时代，从陈胜、吴广揭竿而起到列国争雄，再到统一于汉，仅仅八年。项羽随叔父项梁在会稽起兵时二十四岁，到乌江自刎年仅三十一岁。八年间，一幕幕历史大戏可歌可泣，经历了秦崩、楚亡、汉兴一系列重大转折，终于使五百余年来的混战征伐归于安定，中国历史迎来西汉的全盛时代。\r\n\r\n 历史学家李开元在研究、细读这段历史的过程中，结合文献史籍、出土文物，并实地踏查地上遗迹，揭示了一系列未解之谜，如项羽奇袭彭城的路线，刘邦离间楚国的真相，垓下之战前的“陈下之战”等。书中还描绘出众多英雄豪杰卓尔不群的面目，像以一人之力转动大局的韩信、张良、陈平，接续战国纵横家余绪的郦食其、随何、侯公等。作者对史书记述的辨正和还原，尽可能地丰富了那段历史，使楚汉相争这出大戏更为惊心动魄。', '45.00', '27.00', '0', '100', '/BookStore/static/bookimgs/QQ截图20160416170737.png');
INSERT INTO `book` VALUES ('180', '通鉴选', '8', '重庆出版社', '2015-09-16', '瞿蛻园　选注', '《通鉴选》是史学大家瞿蜕园中国历史普及作品系列中的一部，也是首部《资治通鉴》的选注本。它有以下四个特点：1.作者在本书《前言》中对《资治通鉴》的知识都有详细的阐述与分析，对读者了解这部史学巨著大有帮助。2.本书从鸿篇巨制的《通鉴》中选出了20篇能体现原著特色，并使读者开卷获益的篇目，颇具眼光。在朝代分配上，于战国、两汉、三国、魏、晋、南北朝、隋、唐、五代均有涉及，而又以汉、唐为多，这就使读者对各时期历史都能有所了解。在内容方面，所选各篇大都侧重关键性历史事件的完整叙述，也有若干篇对社会背景与政策制度说明较多。3.本书各篇文前都有一篇数百字至千余字的题解。根据需要，题解的写法颇为灵活，而目的都是为了增进读者对历史人物和事件的认识、对本文内容与写作手法的理解。4.注释是选注者用力*勤之处，也是本书*为出彩之处。从中可看出注释者学养的虚实、功底的深浅。本书适合文史爱好者阅读，也是《资治通鉴》上乘的入门读物。', '39.00', '19.00', '0', '100', '/BookStore/static/bookimgs/QQ截图20160416170659.png');
INSERT INTO `book` VALUES ('181', '大明王朝的七张面孔：张宏杰全新修订升级版', '1', '广东人民出版社', '2016-01-01', '广东人民出版社', '　本书选取了七个能够全面反映大明王朝运作规则的人物：一个皇帝：朱元璋；一个篡位者：朱棣；一个清官：海瑞；一个太监：魏忠贤；一个造反者：张献忠；一个叛徒：吴三桂；一个忠臣：郑成功。\r\n　　以文学化的笔法描述七个人物在历史场景与文化中的境况，剖析其生命历程背后难为人知的艰辛、焦灼和不得已，展现出大明王朝既强大又虚弱、既意志决绝又精神涣散的全貌。', '45.00', '22.00', '0', '100', '/BookStore/static/bookimgs/QQ截图20160416170838.png');
INSERT INTO `book` VALUES ('182', '兰台万卷（修订版）：读《汉书?艺文志》', '8', '生活.读书.新知三联书店', '2013-04-16', '李零 著', '　　《兰台万卷》的初稿原为北大“简帛古书和学术源流”课上的讲稿。最开始，李零讲《汉书?艺文志》只有一个提纲，由于兴趣浓厚，不知不觉写成了一篇长文，现在已成稿十万余字，可以作为一本小册子单独出版了。\r\n　　如书中所言，《汉书?艺文志》（“班志”）太重要了：一、它有学术史、思想史的意义，在班志之前，讲学术史的只讲派，不讲书，线条很粗，只有通过班志，才能“一览众山小”。二、中国古书大多亡佚，特别是技术书亡佚尤多（“兵书略”、“数术略”和“方技略”这几大类）。从班志可以看到，古人除了留下的，还淘汰了哪些，丢掉了哪些。三、班志对于研究简帛古书特别重要，是我们查考先秦、秦汉古籍的仅存的“地图”。', '38.00', '22.00', '0', '100', '/BookStore/static/bookimgs/QQ截图20160416170743.png');
INSERT INTO `book` VALUES ('183', '你不知道的旧社会', '8', '天津人民出版社', '2013-12-26', '林希　著', '　　这是一位出生于上世纪三十年代的老者记忆中的旧社会，一个剥去后世政治修饰的旧社会。其中有昔日青帮、土匪、警察等黑白两道各色人物的日常生活，也有旧时发生在赌场、妓院、西餐馆的奇闻异事。大到绿林中的江湖道义，小到宅门里的饮食规矩，这些真实的社会生活片段也应成为不朽的历史。\r\n\r\n    江湖规矩：为啥旧时土匪绑票不随意瞄准女性？\r\n    行业内幕：扒手入门要经过哪三宗严酷训练？\r\n    人世因果：金盆洗手的江湖恶霸为何积极行善？\r\n    艺界潜规：票友拜名角为师要经历几个步骤？\r\n    答案尽在《你不知道的旧社会》中。', '29.00', '14.00', '0', '100', '/BookStore/static/bookimgs/QQ截图20160416170827.png');
INSERT INTO `book` VALUES ('184', '中国通史（精装典藏新善本）', '1', '吉林出版集团有限责任公司', '2013-06-01', '吕思勉', '抗战期间，为适应当时历史教学的需要，吕思勉先生创作了本书。因其内容简明扼要，语言通俗易懂，出版后，成为民国时期发行量最大的中国通史。直至今天，依然是众多读者首选的历史入门书。\r\n   全书概述了中国从上古至现代几千年来的历史变迁，对重大史事、社会经济、政治制度和文化学术的发展都进行了系统地结，并将中国历史置于全球视野中，无论是史学观点还是编纂方法，都有很大的创新，突出体现了吕思勉的大历史观。全书脉络清晰，逻辑性极强，不仅可以满足读者了解中国历史兴替的需求，更有助于读者对社会变迁的宏观把握。', '39.00', '19.00', '0', '100', '/BookStore/static/bookimgs/QQ截图20160416170950.png');
INSERT INTO `book` VALUES ('185', '五四运动史：现代中国的知识革命', '1', '世界图书出版公司', '2016-01-01', '周策纵', '《五四运动史》本书是著名历史学家周策纵先生的代表作。全书分为上、下两编，上编集中细致地描述了五四运动的成因、社会支持力量和发展经过，厘清了由学生发动的“五四”事件如何一步步扩展为一场全国性的政治爱国运动；下编剖析了五四运动对政治、社会、文学和思想领域的影响，全面而系统地论述了新文化运动、文学革命以及当时的各种社会政治思潮。作者引用的资料翔实，论证客观，对新式知识分子的社会功能和历史命运进行了深入的分析和研究。本书呈现了一幅完整的“五四”历史图景。', '99.80', '79.80', '0', '100', '/BookStore/static/bookimgs/QQ截图20160416171413.png');
INSERT INTO `book` VALUES ('186', '非常道：1840-1999的中国话语', '1', '上海三联书店', '2015-12-01', '余世存', '上市十年，绝版五年，全新修订，耀世而来\r\n\r\n \r\n\r\n\r\n\r\n大历史不会萎缩小切片崭露峥嵘\r\n\r\n 百年中国的细节呈现一个时代的历史注脚\r\n\r\n \r\n\r\n\r\n\r\n那些对当代话语习焉不察的人是该穿越了！任何时代语体的演进都有先行者的拓荒之功，十年之前，《非常道》横空出世，不仅恢复了《论语》《道德经》《世说新语》等等汉语世界的光荣，而且当之无愧地成为网络时代微博微信语体的先驱。尽管十年来的变迁剧烈，《非常道》仍堪称起点即高标，它的细节留存和中国关怀使其成为历史写作中的经典。\r\n\r\n \r\n\r\n《非常道》以1840一1999年间中国的历史片断为内涵，记录了以曾国藩、左宗棠、李鸿章为代表的晚清权臣，以孙中山、黄兴、袁世凯为代表的辛亥豪雄，以毛泽东、蒋介石为代表的国共领袖，以胡适、陈独秀为代表的文化精英，以钱锺书、陈寅恪为代表的学术大师等，在中国近现代历史留下的趣闻轶事和精彩话语。\r\n\r\n \r\n\r\n从切片入手，原来“细节里的中国史”如此的生动、丰润与鲜活；见微知著，百年中国话语的变迁，是对自1840年以来的大历史的绝佳注脚。十年前，余世存先生五年磨一剑，梳理数百部图书典籍，精心遴选出这一非常时期的非常话语，凝成《非常道》，以“不著一字，不为一注”的“编录”的方式，为我们“原汁原味”地深刻展现了近现代中国大变局下的种种探索及其成败、反复和困惑，以及此间的人间冷暖与人世沧桑。它请出历史丰沛的多声、复调，安慰了世道人心，它是证词，是启示录，它对历史和人性的见证使其能够对未来敞开，读者曾经并仍然在这里歌哭，在这里聚精会神，在这里明心见性。\r\n\r\n\r\n《非常道》是余世存先生的代表作，2005年一上市即震撼无数读者；2010年第二版之后，绝版五年，一书难求。此次新版，余世存先生不仅娓娓与大家道来《非常道》“十年出版感言”，更深入全面修订，增加了许多此前从未收录的内容。', '48.00', '37.00', '0', '100', '/BookStore/static/bookimgs/QQ截图20160416172951.png');
INSERT INTO `book` VALUES ('187', '中国人史纲（上下)', '1', '人民文学出版社', '2011-11-01', '柏杨', '本套书是柏杨史学著作的代表作之一，是柏杨在九年零二十六天的监狱岁月里“埋头整理中国历史”而成的一部巨著。说它是巨著，一是就篇幅而言，全书近八十万字，作者以百年作为叙述单元，先把中国史分成非信史与信史，前者从神话、传说到半信史时代，后者从公元前九世纪开始，一直到晚清；二是就影响力来说，《中国人史纲》自出版以来，一直是广大读者了解中国通史的重要书籍；三是《中国人史纲》的成就代表了作家写史的一种立场，在将历史写得精彩好看又不乏深刻洞察力方面，柏杨先生做出了杰出的成就。', '99.00', '76.00', '0', '100', '/BookStore/static/bookimgs/QQ截图20160416173154.png');
INSERT INTO `book` VALUES ('188', '历史深处的民国（套装全3册）晚清 共和 重生', '1', '华文出版社', '2015-10-01', '江城', '这是一套关于1840～1945百年正史的彪悍史书。是一套全面解读晚清、共和、抗战的长篇历史力作。\r\n　　从来没有一本关于民国的书籍，能像《历史深处的民国》这样，全面、真实、透彻、有趣地将民国这段历史讲明白说清楚。\r\n　　作者在精研民国史料的基础上，以尊重史实的严谨态度创作，以年代和具体人物为主线，用通俗易懂、幽默风趣的语言风格行笔，全新讲述了1840～1945这百年间的一些我们熟悉的人做过的一些我们并不熟悉的事……\r\n　　“1晚清”全景勾勒了从1840到1911前后近七十年波澜壮阔的历史，重点描述了清王朝内部改革力量曾国藩、李鸿章、袁世凯，清朝统治者慈禧、光绪，在野力量革命派、立宪派三方，围绕该挽救清朝还是推倒清朝重来而展开的一系列惊心动魄的故事。\r\n　　“2共和”着重描述了1911到1925年前后，以袁世凯、段祺瑞、冯国璋、张作霖、吴佩孚、冯玉祥、阎锡山为代表的北洋势力和以孙中山、黄兴、宋教仁为首的革命势力为推动中国走向何方而先合作后斗争的故事。重点关注了辛亥革命为什么可以成功、宋教仁被刺案的真相、推动清王朝倒掉的北洋势力从内斗走向灭亡以及革命派为理想中的共和国而作出的不懈努力。从不同的角度还原了不同群体在那个时代的不同政治追求与爱恨情仇，被蓄意掩盖的历史隐秘得到了充分揭示。\r\n　　“3重生”以国共合作北伐为开端，描述了近代中国由分裂走向统一，由统一再度分裂，最终走向统一的错综复杂的历史。重点突出了1931 到1945 年十四年间英勇抗战、抵御外辱的历史风云人物，以激越悲壮的语调讲述了以黄埔军人、地方热血军阀为主体的铁血军人们的英雄豪情，以幽默深沉的笔法还原了蒋介石、汪精卫、胡汉民、吴佩孚、张作霖、冯玉祥、张学良等人之间的恩怨情仇。犹如一部恢宏的画卷，再现了中华民族儿女在民族危急存亡关头奋起自救的精彩往事。', '108.00', '54.00', '0', '100', '/BookStore/static/bookimgs/QQ截图20160416173327.png');
INSERT INTO `book` VALUES ('189', '顾颉刚国史讲话全本（三册）', '1', '上海人民出版社', '2015-07-01', '顾颉刚', '先说上古。\r\n　　中国文化的底层在哪里？三皇五帝的传说到底有几分真实？“玄鸟生商”的神话与朝鲜人和满人的神话相近，意味着什么？拥有羌族血统的周人得到中原后，为何将自己的民族称为“诸夏”？周人为什么要区别“夷”“夏”？作为“十三经”之首的《周易》，是怎么发明的？中国人为什么将“　　国”叫做“国家”？……几千年上古史，诉说的是中华祖先的血脉与传奇。\r\n\r\n　　再说春秋。\r\n　　公元前712年，鲁国大臣羽父派了一个刺客，将鲁隐公刺死。公元前611年，襄夫人派了一位刺客，将自己的孙子宋昭公刺死。公元前607年，晋国权臣赵盾的族人，将晋灵公刺死。类似这样的弑君故事，在春秋时期为什么频频上演？春秋五霸谁最名副其实，谁是徒有其名？戎狄蛮夷是如何渐渐融入而成新的“华夏”？古代的贵族是文质彬彬的君子还是赳赳武夫？春秋最著名的美食是什么？……三百年春秋史，讲的是野蛮到文明的过渡，中华民族的初生。\r\n\r\n　　再说宋蒙。\r\n　　繁华绝世、武力显赫的宋朝，为何总是受到异族的压制？或者也可以反过来一问，总是受到异族侵迫的宋朝，为何还能繁华绝世？从杯酒释兵权、机关算尽的赵匡胤，到凭两千人起事、气吞万里的阿骨打，从一统八部、摧枯拉朽的阿保机，到东征西讨、天下臣服的铁木真，宋辽夏金元如何轮番征战天下？他们的崛起、壮大与衰落之路有何异同？为何中国各族的争存，会在这三百年达到一个高潮？……三百年宋蒙史，则让后人不由得发出一声感叹，历史的发展趋势虽属必然，却充满了巧合与无奈。', '111.00', '66.00', '0', '100', '/BookStore/static/bookimgs/QQ截图20160416173948.png');
INSERT INTO `book` VALUES ('190', '中国历史地图集（全8册，精装）', '9', '中国地图出版社', '1982-10-06', '谭其骧　主编', '　《中国历史地图集(1-8)》按历史时期分为8册：第一册：原始社会·夏·商·西周·春秋·战国时期；第二册：秦·西汉·东汉时期；第三册：三国·西晋时期；第四册：东晋十六国·南北朝时期;第五册：隋·唐·五代十国时期；第六册：宋·辽·金时期；第七册：元·明时期；第八册：清时期。按年代分为20个图组，共有304幅地图（不另占篇幅的插图不计在内），549页。地图上的内容包括：已知原始社会遗址和其他时期重要遗址的分布，中国历史上各民族建立的政权的疆域政区或活动范围、民族分布，秦以前见于记载的全部可考地名，自秦代开始全部县以上地名、一二级政区的界线，可考的长城、关津、堡寨、谷道、陵墓、庭帐等，主要的河流、湖泊、山岭、海岸线、岛屿等，共收地名7万多个。各册均有中、英文的编例和地名索引。', '482.00', '363.00', '2', '98', '/BookStore/static/bookimgs/QQ截图20160416173946.png');
INSERT INTO `book` VALUES ('191', '山海经—中华经典藏书', '9', '吉林美术出版社', '2015-03-12', '（汉）刘歆 编 ; 陈默译 注', '《山海经》是中国先秦古籍，是中国文化的珍品，被认为是一部富有神话色彩的最古地理书；也是一部关于中国古代物种演化、地理变迁的传奇之作。涉及历史、地理、民族、宗教、神话、生物、医学、水利、矿产等方面内容。在物欲横流、市声喧嚣的现代社会，对于习惯“快餐式阅读”的现代人来说，它是一片静土，是远古时期极富想象力的惊世之作。通过它诡异的文字与形象的绘画，让我们依稀解读那些或已进化、或已绝迹的远古生命；了解我们的祖先几千年前的生活和思想；感悟那天、地、人、兽的无穷奥秘。', '38.00', '22.00', '0', '100', '/BookStore/static/bookimgs/QQ截图20160416174050.png');
INSERT INTO `book` VALUES ('192', '晚清最后十八年：从甲午战争到辛亥革命', '1', '花城出版社', '2016-01-01', '黄治军', '甲午惨败，洋务派李鸿章失势，变法派康有为上位，然而变法图强最终以宫廷政变收场，学习西方的初衷不知不觉沦为了野心家的工具―― 改革是共识，是晚清最大的利益蛋糕，更是派别政治的决斗场，无论是慈禧太后、保皇党、满清权贵，还是亲西方势力、义和团，所有人都被裹挟其中，轮番登场。最后八国联军借护卫使馆之名兵临北京城下，动荡混乱的大清朝局终于重新洗牌，有人出局有人上位。而当改革最终不得不被推上快车道，满清皇族与实权派袁世凯展开了对改革主导权的殊死争夺；随着武昌城中的一声枪响，革命者喊着激动人心的口号踏入权力中心，袁世凯、宋教仁和孙中山之间新一轮错综复杂的明争暗斗又揭开了序幕……看似荒诞诡异的史事背后，是无比清晰的利益选择和权力博弈。', '42.00', '25.00', '0', '100', '/BookStore/static/bookimgs/QQ截图20160416174211.png');
INSERT INTO `book` VALUES ('193', '太平寰宇记 （全九册）', '9', '中华书局', '2007-02-14', '[宋]樂史 著', '　　《多种太平寰宇记（套装全9册）》二百卷，是著名的地理总志。新增姓氏、人物、艺文、土产等项，体例为后世志书所沿用。所载唐以前地志佚文，可补史籍缺略；所记宋代事实，是研究宋史的珍贵资料。原书今存一百九十七卷半。', '460.00', '427.00', '0', '100', '/BookStore/static/bookimgs/QQ截图20160416174142.png');
INSERT INTO `book` VALUES ('194', '史念海全集（全七卷，中国国家历史地理丛书）', '9', '人民出版社', '2013-05-22', '史念海 　编', '　　历史地理学的研究领域覆盖自然科学、人文和社会科学的很多领域，对于从总体上认识人类社会的发展规律，具有重大的理论意义，同时也有很强的应用性。中国的国家地理应该为更多的国人所了解，中国的可持续发展才有希望。\r\n　　本书系共40卷左右，选自20世纪最有成就的历史地理和人文、自然地理研究大家——谭其骧、史念海、侯仁之、陈桥驿等的代表作，集中体现和反映中国的国家地理研究之大成。\r\n　　史念海毕生从事历史地理研究，成果涉及各个领域，他的著作以总结自己的研究成果为主。涉及疆域与政区、黄河与黄土高原、经济地理、历史人口地理、历史民族地理、历史军事地理、历史文化地理及古都等等。\r\n　　本书是史念海先生的全部书稿的汇编，由陕西师范大学副校长萧正红、陕西师范大学西北历史环境与经济社会发展研究中心主任侯永坚、历史系主任王社教等主编；史念海先生女婿王景阳教授通校了全部书稿。', '1500.00', '1299.00', '1', '99', '/BookStore/static/bookimgs/QQ截图20160416174243.png');
INSERT INTO `book` VALUES ('195', '春秋左传注 (修订本) （全四册）', '1', '中华书局', '2009-10-01', '杨柏峻', '　　本书是我国现存*早的编年体史书，起自鲁隐公元年，迄于鲁哀公二十七年，是学习、研究先秦历史、文学、哲学和语言必读的典籍。作者积数十年之力，对左氏《春秋》经、传作详细校勘、分段、注释，充分吸收前人研究成果及近代考古资料，融会贯通，时出己见，是为当代《春秋左传》集大成之全注本。', '178.00', '144.00', '0', '100', '/BookStore/static/bookimgs/QQ截图20160416174408.png');
INSERT INTO `book` VALUES ('196', '山海经（插图本）', '9', '凤凰出版社', '2016-01-01', '(汉) 刘向, (汉) 刘歆 编定', '《山海经》是一部包含神话传说的上古地理著作，主要记述古代地理、物产、巫术、宗教的知识，也包括古史、医药、民俗等方面的内容，并保存了大量的神话资料。书中所描述山、水、国、民族、动植物、矿物、药物等，大部分都带有浓重的传奇色彩，也有一部分是后世常见的。不论是传奇的还是常见的，都从不同角度反映了上古历史、地理、风俗等方面的情况。阅读《山海经》，可以对古代的山川地理、民俗风物、奇兽怪鸟、神仙魔鬼、金玉珍宝、自然矿物、神话故事有一个全面地了解。', '29.00', '17.00', '0', '100', '/BookStore/static/bookimgs/QQ截图20160416174322.png');
INSERT INTO `book` VALUES ('197', '国史大纲（繁体竖排全二册）', '1', '商务印书馆', '2010-11-01', '钱穆', '　百年前，张之洞尝劝学日：“世运之明晦，人才之盛衰，其表在政，其裹在学。”是时，国势颓危，列强环伺，传统频遭质疑，西学新知亟亟而人。一时间，中西学并立，文史哲分家，经济、政治、社会等新学科勃兴，令国人乱花迷眼。然而，淆乱之中，自有元气淋漓之象。中华现代学术之转型正是完成于这一混沌时期，于切磋琢磨、交锋碰撞中不断前行，涌现了一大批学术名家与经典之作。而学术与思想之新变，亦带动了社会各领域的全面转型，为中华复兴奠定了坚实基础。时至今日，中华现代学术已走遇百余年，其间百家林立、论辩蜂起，沉浮消长瞬息万变，情势之复杂自不待言。', '92.00', '64.00', '0', '100', '/BookStore/static/bookimgs/QQ截图20160416174509.png');
INSERT INTO `book` VALUES ('198', '中国历史地理十五讲', '9', '北京大学出版社', '2015-06-11', '韩茂莉　著', '　　大地是人类生存的根基，也是人类活动的舞台，人类依托大地、利用大地、改造大地的行为，成为地理学研究的各个领域。历史地理是研究往昔的地理，《中国历史地理十五讲》涉及历史地理研究的主要领域——疆域、环境、政区、农业、交通、军事、城市等，对这些领域的基本问题及其历史发展进行了梳理和介绍，是了解中国历史地理很好的入门书。', '48.00', '28.00', '0', '100', '/BookStore/static/bookimgs/QQ截图20160416174403.png');
INSERT INTO `book` VALUES ('199', '丝绸之路', '9', '江苏人民出版社', '2016-01-01', '刘迎胜　著', '本书是著名学者刘迎胜教授研究和考察丝绸之路而撰写的学术著作，分为两卷，上卷为“草原丝绸之路”，下卷为“海上丝绸之路”。全书以时间为经，以文明交流为纬，全面系统阐述了两条丝绸之路的发端、发展过程，详细介绍了丝绸之路沿线不同民族、文明类型及其相互交流的历史状况，展示了数千年来以丝绸之路为纽带文明碰撞与融合的宏大历史场景，分析了丝绸之路的历史影响及现实意义。全书史料丰富，视野宏阔，分析客观，是学界公认的研究丝绸之路的权威之作。', '78.00', '46.00', '7', '98', '/BookStore/static/bookimgs/QQ截图20160416174445.png');
INSERT INTO `book` VALUES ('200', '鸦片战争 深圳读书月2015年度十大好书', '1', '新星出版社', '2015-07-01', '蓝诗玲', '鸦片战争是中英两国所该共同面对的话题，而英国新锐汉学家蓝诗玲女士的这本新著正是站在一个更加广阔的视域来对此加以考察，旨在让我们跨出地域的限制，认真反思这场世界冲突的种种罪恶和矛盾。蓝诗玲充分吸收了现有的相关研究成果（比如茅海建的《天朝的崩溃：鸦片战争再研究》），又能在中英文原始史料中找寻更多动人的历史细节。得力于她深厚的文学造诣 ，像林则徐、琦善、义律这样的历史人物经她描写，仿佛便可浮现于眼前。除了战争过程中的细节叙述之外，蓝诗玲还往后记述了中英两国人民对此战争的复杂的历史记忆，尤其在中国近代国族构建中扮演的角色。', '78.00', '39.00', '0', '100', '/BookStore/static/bookimgs/QQ截图20160416174616.png');
INSERT INTO `book` VALUES ('201', '中国史稿地图集（套装共两册）', '9', '中国地图出版社', '2016-01-01', '郭沫若　主编', '　《中国史稿地图集》（套装共两册）包括从原始社会到鸦片战争的有关地图。其中有原始社会遗址分布图，有奴隶社会、封建社会各朝代的行政区划图，有历史上的民族分布及迁徙图，有历代战争的地图，有历代中外交通的地图，有反映经济发展的地图等等；总之，尽力以地图的形式，把我国历史上各族人民重大的阶级斗争和生产斗争的活动史实反映出来，使《史稿》的读者对一定历史时期人们活动的地区有个比较具体的概念。', '50.00', '40.00', '0', '100', '/BookStore/static/bookimgs/QQ截图20160416174526.png');
INSERT INTO `book` VALUES ('202', '袁腾飞讲先秦：上古春秋+战国纵横', '1', '电子工业出版社', '2015-01-01', '袁腾飞', '中华历史文化源远流长，博大精深。中华民族在形成和发展的过程中产生的各种思想、文化，记载了我们祖先在长期奋斗中开展的实践活动、进行的理性思考、创造的文化成果，反映了中华民族的精神追求。其核心的内容已成为流淌在我们民族血脉中的文化基因。\r\n　　本套作品根据历史节点分为《袁腾飞讲先秦.上古春秋》和《袁腾飞讲先秦.战国纵横》两册。\r\n　　前一册从上古传说讲起，女娲、伏羲、神农、黄帝、帝喾、尧、舜轮番登场。令人肃然起敬的身世之谜，补天教民的不世之功；夏、商、西周江山更迭，庸王丧邦，圣主治世，小人误国，贤臣辅主；更有春秋五霸争相上位。\r\n　　后一册讲战国七雄，各国兵争舌战，风云际会，政客过招。奇招、绝招、阴招、险招令人眼花缭乱，大战、小仗、明争、暗夺令人目不暇接……直到秦始皇一统天下，中国又走向了一个全新的历史阶段。\r\n　　袁腾飞以其独到的\"史话体\"，为我们轻松解读华夏文明的起源、发展脉络和历史走向。', '78.00', '46.00', '0', '100', '/BookStore/static/bookimgs/QQ截图20160416174722.png');
INSERT INTO `book` VALUES ('203', '地理发现史（插图版）', '9', '海南出版社', '2015-10-06', '（法）儒勒凡尔纳　著', '《地理发现史》介绍了自公元前5世纪至19世纪40年代近三千年中著名旅行家和航海家的故事，阐述了人们是如何一步一步地打开地球的大门，地球上的空白点是如何随着科学的发展、生产力的提高、地理观念的扩大而越来越少的。而新土地的发现也伴随着残酷的殖民战争、对整个种族肉体的消灭，对多少世纪以来当地人民所建立的独有的文化的摧残。\r\n　　地理开拓的历史也包括了对遥远国度里的自然风貌与人文形态，更是包括旅行者自身精彩的传记。\r\n　　这一次，凡尔纳用地理冒险纪实满足了我们的求知与冒险的欲望。', '68.00', '34.00', '13', '98', '/BookStore/static/bookimgs/QQ截图20160416174611.png');
INSERT INTO `book` VALUES ('204', '丝绸之路', '9', '文物出版社', '2016-01-01', '国家文物局　著', '《丝绸之路（精）》为国家文物局主持编辑的图录，配合中国国家博物馆“丝绸之路”展览出版，共同为在北京召开的APEC会议服务。本书收录了中国古代丝绸之路上发现的各类文物约350件，系统展示了古代丝绸之路中外贸易的生动画卷，为研究中国古代中外交流史提供了重要资料。', '488.00', '288.00', '0', '100', '/BookStore/static/bookimgs/QQ截图20160416174650.png');
INSERT INTO `book` VALUES ('205', '微历史·宋朝人', '1', '北京日报出版社（原同心出版社）', '2012-09-01', '赵家三郎', '　 微历史，即以“微博体”的写作方式书写历史。\r\n　　现代生活的很多图景都可以在宋朝找到源头。如商业信贷、商品一条街、博览展销会、夜市、24小时夜店餐饮连锁店、商业广告、职业经纪人等等，这一切活泼元素，成就了富贵喧嚷的大宋社会。\r\n　　《微历史@宋朝人》史海中曲径探幽，还原了11世纪中国人的真实生活状态。探源了古今世俗生活的内在联系，许多发现，令人拍案叫绝。', '36.00', '3.60', '0', '100', '/BookStore/static/bookimgs/QQ截图20160416174827.png');
INSERT INTO `book` VALUES ('206', '朱雀：南方的意象', '9', '生活·读书·新知三联书店', '2016-01-01', '（美）薛爱华　著', '　本书是《撒尔马汗的金桃》的姊妹篇，只是研究范围从唐帝国缩小到唐代的岭南地区，即包括今天的广东、广西，大部分北越及红河三角洲，旧称南越（或南粤）。这个在我们今天看来纯属中华文明一部分的地区，在唐代确颇有些化外异域之感。作者以他拿手的将历史学、人类学、民族学等进行综合研究的方法，深入细致又趣味盎然得探讨了这个地区的历史地理、区域分布、语言、人种、宗教、自然气候、山川地貌、矿产、动植物等，最后以朱雀这个极富想象力的神鸟为象征，综合描述了唐代南方的风情和声色。', '59.00', '35.00', '0', '100', '/BookStore/static/bookimgs/QQ截图20160416174730.png');
INSERT INTO `book` VALUES ('207', '吴晗论明史', '1', '武汉出版社', '2013-01-01', '吴晗', '《吴晗论明史》汇集了明史大家吴晗多部关于明史研究的作品，并在此基础上进行了编排整理，更加完整、精炼地向读者展示出大明朝历史的华卷。本书涵盖了明朝政治、制度、社会、人物等各个方面的内容，以真实史料为基础，深刻揭示了明朝历史的基本面貌和发展脉络，具有极高的学术价值。同时，书中文字通俗易懂，可读性极佳。本书共分为四个部分。第一部分为“政治大势”，系统地展示了明太祖建国、明成祖迁都北京、明初的恐怖政治、晚明流寇等明朝历史主线及重大事件；第二部分为“制度变迁”，详述了明代的军兵、锦衣卫和东西厂、科举情况和绅士特权、明初卫所制度之崩溃等明朝的各大体系制度变化；第三部分为“世情百态”，讲述了资本主义萌芽问题、郑和下西洋、明代之农民、记大明通行宝钞、《明史》小评等经济、文化、社会各方的问题；第四部分为“风云人物”，收录了明朝几位代表性人物的生平故事，如海瑞、戚继光、谈迁、魏忠贤、顾炎武等，由这些人物故事亦可一觑当时的历史面貌。', '49.00', '19.00', '0', '100', '/BookStore/static/bookimgs/QQ截图20160416174939.png');
INSERT INTO `book` VALUES ('208', '丝绸之路新史', '9', '北京联合出版公司', '2016-01-01', '（美）芮乐伟韩森', '在世界历史上，丝绸之路是一个著名符号。但它实际上是什么样子的？在人们对它的想象中，一般是这样一幅朦胧景象：驮着丝绸的骆驼商队在尘土飞扬的沙漠中穿行，在中国与罗马之间络绎不绝。本书将要为你揭示，现实的情况与此大相径庭，而且远远比这副景象有趣得多。\r\n本书通过大量惊人的考古发现，彻底改变了人们对这条商路的惯常理解。几个世纪以来，尽管大量关键材料仍然尚未发掘，但是塔克拉玛干沙漠已经出土了许多迷人的东西。既有官员刻意埋藏保存的文书，也有目不识丁的当地居民利用官方文书做成的鞋垫和寿衣。作者探讨了丝路上从长安到撒马尔罕的七座绿洲，那里聚集着商人、使节、朝圣者和旅客，信仰着从佛教到祆教的不同宗教，有着非常宽容的国际化氛围。\r\n本书试图告诉读者，从来没有一条单一的连续的丝绸之路，有的只是东西方之间的一连串市场。中国和罗马之间几乎没有直接的贸易活动，中国的主要贸易伙伴是今天伊朗地区的居民。丝绸并不是这些商路上最重要的商品，中国发明的纸张对欧洲产生了更大的影响，而金属、香料和玻璃与丝绸一样重要。相比之下，这些商路上传播的思想、技术和艺术图案具有更大的意义。\r\n总而言之，本书综合利用中、英、法、德、日、俄六种语言的前沿研究成果，讲述了一个有关考古发现、文化传播以及中亚与中国之间互动的迷人故事。', '49.00', '36.00', '0', '100', '/BookStore/static/bookimgs/QQ截图20160416174806.png');
INSERT INTO `book` VALUES ('209', '谭其骧全集（中国国家历史地理丛书，全二册）', '9', '人民出版社', '2016-01-01', '谭其骤　著', '　本书系共30卷左右，选自20世纪最有成就的历史地理和人文自然地理研究大家——谭其骧、史念海、侯仁之的代表作，集中体现和反映中国的国家地理研究之大成。\r\n　　20世纪是中国历史地理学形成和发展的一个最重要的阶段，因为尽管中国历史地理学的传统可以追溯到2000多年前，但它出现并形成一门现代的学科却是在20世纪里。从这一意义上说，20世纪的中国历史地理学就是它迄今为止的全部历史。自称“只开风气不为师”的历史学家顾颉刚（1893－1980年）先生，虽然不以历史地理为其主要研究领域，却以其开创历史地理研究之风的杰出贡献而被公认为中国历史地理学的开山之祖。在他的教导和影响下，他的三位学生谭其骧（1911－1992年）、侯仁之（1911——）和史念海（1912－2001年）都成为这门学科的主要奠基人。培养了大批专业人才，形成了上海、北京、西安三个研究中心。谭其骧、侯仁之都在1980年当选为中国科学院地学部的学部委员（后改称院士），标志着他们的杰出成就和中国历史地理学这门学科获得了中国自然科学界和社会科学界的公认。\r\n本卷是“谭其骧卷”收录了谭先生的全部著作。', '390.00', '331.00', '0', '100', '/BookStore/static/bookimgs/QQ截图20160416174917.png');
INSERT INTO `book` VALUES ('210', '国史大纲--钱穆先生代表名作', '1', '商务印书馆', '2096-06-01', ':钱穆', '　这是一部中国通史，因用大学教科书体例写成，不得不力求简要，仅举大纲，删其琐节。内容於学术思想，政治制度，社会风气，国际形势，兼有顾及，惟但求其通为一体，明其治乱盛衰之所由，开其一贯相承之为统，以指陈吾国家民族生命精神之所寄。至其人物之详，事业之備，则待教者读者之自加参考，自为引伸。本书主旨则在发明其相互影响，及先后之演变发展，以作国人如何应付现时代之种种变作根据之借镜。', '76.00', '63.00', '0', '100', '/BookStore/static/bookimgs/QQ截图20160416175037.png');
INSERT INTO `book` VALUES ('211', '塞尔登的中国地图', '9', '中信出版社', '2016-01-01', '[加]卜正民', '《塞尔登的中国地图》是知名海外汉学家卜正民最新力作，2014年《经济学人》推荐图书。\r\n一幅被称为“塞尔登地图”的中国航海图：它凝聚着明代中国制图技法不为人知的精华，却流落他乡而长久被人忽视和遗忘。\r\n2009年，这幅罕见的中国地图在牛津大学图书馆揭开尘封已久的面纱。这幅地图被人们遗忘在图书馆浩瀚的文献中近几个世纪，无论是汉学家还是制图专家，都未曾见过这样的一幅地图。它偏离了中国古代的制图传统，以至于专家们宣称这幅地图是伪造之物，尽管根据记录显示这幅地图确实是于1659年被辗转送到牛津的。这幅被称为“塞尔登地图”的珍贵文物由此成为待解之谜。\r\n究竟是谁绘制了这样一幅地图？它又是怎样远渡重洋，并在数百前被西方人解读的？卜正民通过大胆的猜想与详尽的考证，为我们揭示出藏在这幅地图的惊人秘密。《塞尔登的中国地图》以一幅沉睡在牛津大学图书馆的古代中国地图为引子，从历史、地理、文字、法律和科学技术的角度，描述了400年前东亚地区海上贸易的盛况，以及其留给后世的深远影响和未解之谜。郑和下西洋的壮举为中国航海史留下了最为浓重的一笔，然而中国人对海洋的探索与开拓却没有就此结束。\r\n四百年前，明代中国对世界的了解远远超出了西方人的想象；四百年后，我们又应该怎样沿着海上丝绸之路走向世界？', '42.00', '21.00', '0', '100', '/BookStore/static/bookimgs/QQ截图20160416174954.png');
INSERT INTO `book` VALUES ('212', '南华录：晚明南方士人生活史', '1', '北京大学出版社', '2015-05-01', '赵柏田', '　“花是精华，人亦是精华\r\n　　最为精华的还是那个时代\r\n　　风华而又奢靡的物质和精神生活的种种”\r\n　　《南华录：晚明南方士人生活史》标题中的“南华”在这里不是地名（南华县、南华寺），不是人名（南华真人），不是书名（南华经），而是取字面上的意思：“南方的精华”。作品描绘的是已经消逝了的南方的故事：梦境，戏剧，园林；文士，才女，奇人……这是明万历后南方中国士人的生活史。出没其间的有文徽明、董其昌、吴其贞、项元汴、李日华、屠隆、汤显祖、董若雨、祁彪佳、吴梅村、陈洪绶、周亮工、张瑶星、龚贤等致力于私人空间营建的画家、曲家、鉴赏家，有计成、张南垣、柳敬亭、苏昆生、罗龙文、汪然明等来自民间草根的艺人和匠人，也有商景兰、薛素素、钱宜、王荪、王微、杨云友、林天素、柳如是等命运各异的传奇女子。这些玩赏家与隐士，与同时代抱有家国情怀的政治家、行政官僚一起，构成了儒家中国传统的两翼。\r\n　　《南华录：晚明南方士人生活史》以时间为经，人物为纬，出入园林、戏剧、书画、茶、酒、香料……通过一个个人物、器物和词条，在散点式的勾勒和铺陈中呈现一部明代南方士人的生活史和艺术史；节奏舒缓、潮湿氤氲的叙事中，呈现出一种独有的南方气韵，堪称作家写史的典范之作。', '128.00', '95.00', '0', '100', '/BookStore/static/bookimgs/QQ截图20160416175123.png');
INSERT INTO `book` VALUES ('213', '中国通史', '1', '民主与建设出版社', '2015-01-01', '吕思勉', '　本书分为上下两部分，上编政治史，按照历史顺序加以串联，在理乱兴亡的同时将历史知识更系统地进行梳理，下编主讲文化现象。吕先生著此书时正值抗日战争，是为了满足当时大学教学的需求而编写，如今看来，这种特殊的体例对初学者系统掌握历史各个方面还是很有帮助的。\r\n　　本书从面世至今，不断再版，足以说明人们对吕先生和他以白话写通史的认可。对于这样一部经典之作，长处本无需赘述，可在此仍要强调一下本书的特点：我国历史上优秀的史学典籍本是不少，无奈笔墨宏大过于高深，将文言功底本就不深的初级读者挡在了门外，而吕先生这本书简明扼要，行文浅显，相对简单了不少。', '39.00', '19.00', '24', '98', '/BookStore/static/bookimgs/QQ截图20160416175408.png');
INSERT INTO `book` VALUES ('214', '武则天：从三岁到八十二岁', '1', '江苏文艺出版社', '2015-10-01', '王晓磊', '武则天82年的人生，前31年，她卷入权斗漩涡，为活命从宫女杀到了皇后的宝座；后51年，她掀起腥风血雨，用女皇的龙袍确保了自己的安全。\r\n\r\n 3岁，她是商人之女，被术士袁天罡相面后惊为“天下之主”；25岁，她入宫十年，从太宗的病榻上了太子的床榻；27岁，她身陷尼寺，却成功地与新皇藕断丝连；31岁，她放手一搏，赢了你死我活的皇后争夺战；36岁，她代高宗掌政，不知不觉地将权力转入自己手中；59岁，她独揽朝政，一手翦除皇族集团，一手培植新贵势力；67岁，她应百官之请登基称帝，开始了14年空前绝后的女皇时代；82岁，她退位禅让，被政敌尊为“则天大圣皇帝”，治国开启盛唐序幕，身后留下无字丰碑。\r\n\r\n 武则天的82年人生，每一天都走在生死边缘，而她赢得了每一次决斗。', '36.00', '21.00', '1', '99', '/BookStore/static/bookimgs/QQ截图20160416175509.png');
INSERT INTO `book` VALUES ('215', '经与史：华夏世界的历史建构', '1', '广西师范大学出版社', '2015-09-01', '刘仲敬', '本书从夏商周三代谈起，一直到清朝结束前夜，以“经”与“史”为关键词，选择各朝代在社会、经济、文化等诸方面的关键点，以勾勒出其时代面貌，将中国古代文明置于世界大历史的视野中，以一种全局性的理解，讲述华夏世界及中华文明的演进过程。\r\n　　“经”意味着正统性，是衡量价值的准绳；“史”意味着基于“经”的价值裁断和历史建构。在认识图景中，“经”是诸文明的限度，是认知图景的栋梁，文明本身就是经义展开其内在可能性的过程，会有自己的青春期和严冬，会面临衰亡和再造。只有正确的历史认知才能避免对文明再造造成伤害。\r\n　　本书眼界开阔，其言语充满智慧性，读之酣畅，给读者们攀登华夏文明的梯子以诸多启发。', '45.00', '33.00', '1', '99', '/BookStore/static/bookimgs/QQ截图20160416175652.png');
INSERT INTO `book` VALUES ('216', '秦崩：从秦始皇到刘邦', '1', '生活·读书·新知三联书店', '2015-05-01', '李开元', '统一六国的秦始皇嬴政和汉帝国的创建者刘邦，像是隔代的两位开国君主，其实仅相差三岁，他们都是从战国衰世走出来的同一代人。秦始皇驾崩时，刘邦四十七岁，从泗水亭长任上起兵反秦，开启了他的传奇大业。本书从指出人们的历史错觉入手，以历史学家最为引人入胜的方式，讲述秦帝国崩溃的经过，以及刘邦、项羽等英雄豪杰崛起的历程。\r\n\r\n 对于秦，近五十年来有很多重要的考古发现，包括秦始皇陵兵马俑的发掘和大批秦简的出土，刷新了我们对秦帝国和秦始皇的认识。本书是第一部叙述体的史学作品，将史书的记载与文物简牍、实地考察相结合，全新讲述秦帝国的始末。', '45.00', '27.00', '4', '96', '/BookStore/static/bookimgs/QQ截图20160416175810.png');

-- ----------------------------
-- Table structure for `booktype`
-- ----------------------------
DROP TABLE IF EXISTS `booktype`;
CREATE TABLE `booktype` (
  `id` int(20) NOT NULL AUTO_INCREMENT,
  `name` varchar(20) NOT NULL,
  PRIMARY KEY (`id`)
) ENGINE=InnoDB AUTO_INCREMENT=10 DEFAULT CHARSET=utf8;

-- ----------------------------
-- Records of booktype
-- ----------------------------
INSERT INTO `booktype` VALUES ('1', '中国史');
INSERT INTO `booktype` VALUES ('2', '世界史');
INSERT INTO `booktype` VALUES ('3', '史家名著');
INSERT INTO `booktype` VALUES ('4', '文物考古');
INSERT INTO `booktype` VALUES ('5', '史学理论');
INSERT INTO `booktype` VALUES ('6', '逸闻野史');
INSERT INTO `booktype` VALUES ('7', '历史随笔');
INSERT INTO `booktype` VALUES ('8', '史料典籍');
INSERT INTO `booktype` VALUES ('9', '历史地理');

-- ----------------------------
-- Table structure for `cart`
-- ----------------------------
DROP TABLE IF EXISTS `cart`;
CREATE TABLE `cart` (
  `id` int(20) NOT NULL AUTO_INCREMENT,
  `userid` int(10) NOT NULL,
  `bookid` int(10) NOT NULL,
  `num` int(10) unsigned zerofill NOT NULL,
  `price` float(10,2) NOT NULL,
  PRIMARY KEY (`id`),
  KEY `userid` (`userid`),
  KEY `bookid` (`bookid`),
  CONSTRAINT `cart_ibfk_1` FOREIGN KEY (`userid`) REFERENCES `user` (`id`) ON DELETE CASCADE ON UPDATE CASCADE,
  CONSTRAINT `cart_ibfk_2` FOREIGN KEY (`bookid`) REFERENCES `book` (`id`) ON DELETE CASCADE ON UPDATE CASCADE
) ENGINE=InnoDB AUTO_INCREMENT=20 DEFAULT CHARSET=utf8;

-- ----------------------------
-- Records of cart
-- ----------------------------
INSERT INTO `cart` VALUES ('5', '21', '161', '0000000001', '34.00');
INSERT INTO `cart` VALUES ('7', '22', '63', '0000000002', '132.00');
INSERT INTO `cart` VALUES ('19', '20', '183', '0000000111', '1554.00');

-- ----------------------------
-- Table structure for `contact`
-- ----------------------------
DROP TABLE IF EXISTS `contact`;
CREATE TABLE `contact` (
  `id` int(20) NOT NULL AUTO_INCREMENT,
  `name` varchar(20) DEFAULT NULL,
  `tel` varchar(20) DEFAULT NULL,
  `email` varchar(20) DEFAULT NULL,
  `date` datetime DEFAULT NULL,
  `message` varchar(1000) NOT NULL,
  PRIMARY KEY (`id`)
) ENGINE=InnoDB AUTO_INCREMENT=9 DEFAULT CHARSET=utf8;

-- ----------------------------
-- Records of contact
-- ----------------------------
INSERT INTO `contact` VALUES ('6', '魏楠', '13112345678', 'weinan@weinan.com', '2016-04-16 17:29:14', ' 博古书屋,很不错，能够找到我想买的书籍，还很便宜。');
INSERT INTO `contact` VALUES ('7', '魏楠', '13112345678', 'weinan@weinan.com', '2016-04-17 13:30:23', '各种古籍都有真是太喜欢了！');
INSERT INTO `contact` VALUES ('8', '张东旭', '13112345678', 'weinan@weinan.com', '2016-04-17 13:32:00', '价格便宜 物流迅速  点个赞！');

-- ----------------------------
-- Table structure for `oder`
-- ----------------------------
DROP TABLE IF EXISTS `oder`;
CREATE TABLE `oder` (
  `id` int(20) NOT NULL AUTO_INCREMENT,
  `userid` int(10) NOT NULL,
  `date` datetime NOT NULL,
  `num` int(20) NOT NULL,
  `price` double(20,2) NOT NULL,
  `realname` varchar(20) NOT NULL,
  `adress` varchar(20) NOT NULL,
  `tel` varchar(20) NOT NULL,
  `status` int(1) DEFAULT '0',
  PRIMARY KEY (`id`),
  KEY `userid` (`userid`),
  KEY `statu` (`status`),
  CONSTRAINT `oder_ibfk_1` FOREIGN KEY (`userid`) REFERENCES `user` (`id`) ON DELETE NO ACTION ON UPDATE CASCADE
) ENGINE=InnoDB AUTO_INCREMENT=1281265593 DEFAULT CHARSET=utf8;

-- ----------------------------
-- Records of oder
-- ----------------------------
INSERT INTO `oder` VALUES ('509721411', '21', '2016-04-16 17:23:22', '2', '104.00', '魏楠', '黑龙江省哈尔滨市黑龙江大学', '13112345678', '1');
INSERT INTO `oder` VALUES ('510320926', '21', '2016-04-16 17:33:21', '1', '46.00', '魏楠', '黑龙江省哈尔滨市黑龙江大学', '13112345678', '0');
INSERT INTO `oder` VALUES ('510348759', '21', '2016-04-16 17:33:49', '1', '34.00', '魏楠', '黑龙江省哈尔滨市黑龙江大学', '13112345678', '1');
INSERT INTO `oder` VALUES ('514550191', '20', '2016-04-16 18:43:50', '1', '45.00', 'aaaaa', '黑龙江省哈尔滨市黑龙江大学', '11111111111', '1');
INSERT INTO `oder` VALUES ('514558223', '20', '2016-04-16 18:43:58', '1', '78.00', 'aaaaa', '黑龙江省哈尔滨市黑龙江大学', '11111111111', '1');
INSERT INTO `oder` VALUES ('580646525', '20', '2016-04-17 13:05:27', '1', '21.00', 'aaaaa', '黑龙江省哈尔滨市黑龙江大学', '11111111111', '0');
INSERT INTO `oder` VALUES ('580743139', '20', '2016-04-17 13:07:03', '1', '15.00', 'aaaaa', '黑龙江省哈尔滨市黑龙江大学', '11111111111', '1');
INSERT INTO `oder` VALUES ('580768297', '20', '2016-04-17 13:07:28', '1', '15.00', 'aaaaa', '黑龙江省哈尔滨市黑龙江大学', '11111111111', '1');
INSERT INTO `oder` VALUES ('580844605', '20', '2016-04-17 13:08:45', '7', '2185.00', 'aaaaa', '黑龙江省哈尔滨市黑龙江大学', '11111111111', '1');
INSERT INTO `oder` VALUES ('1195380868', '20', '2016-04-24 15:51:01', '3', '49.00', 'aaaaa', '黑龙江省哈尔滨市黑龙江大学', '11111111111', '1');
INSERT INTO `oder` VALUES ('1200431449', '20', '2016-04-24 17:15:12', '2', '54.00', 'aaaaa', '黑龙江省哈尔滨市黑龙江大学', '11111111111', '0');
INSERT INTO `oder` VALUES ('1281265592', '20', '2016-04-25 15:42:26', '2', '54.00', 'aaaaa', '黑龙江省哈尔滨市黑龙江大学', '11111111111', '0');

-- ----------------------------
-- Table structure for `oderdetails`
-- ----------------------------
DROP TABLE IF EXISTS `oderdetails`;
CREATE TABLE `oderdetails` (
  `id` int(10) NOT NULL AUTO_INCREMENT,
  `oderid` int(10) NOT NULL,
  `bookid` int(10) NOT NULL,
  `num` int(10) NOT NULL,
  `price` float(10,2) unsigned zerofill NOT NULL,
  `status` int(1) unsigned zerofill NOT NULL DEFAULT '0',
  PRIMARY KEY (`id`),
  KEY `oderid` (`oderid`),
  KEY `bookid` (`bookid`),
  CONSTRAINT `oderdetails_ibfk_1` FOREIGN KEY (`oderid`) REFERENCES `oder` (`id`) ON DELETE CASCADE ON UPDATE CASCADE,
  CONSTRAINT `oderdetails_ibfk_2` FOREIGN KEY (`bookid`) REFERENCES `book` (`id`) ON DELETE CASCADE ON UPDATE CASCADE
) ENGINE=InnoDB AUTO_INCREMENT=26 DEFAULT CHARSET=utf8;

-- ----------------------------
-- Records of oderdetails
-- ----------------------------
INSERT INTO `oderdetails` VALUES ('1', '509721411', '161', '1', '0000046.00', '1');
INSERT INTO `oderdetails` VALUES ('2', '509721411', '162', '1', '0000058.00', '1');
INSERT INTO `oderdetails` VALUES ('3', '510320926', '161', '1', '0000046.00', '0');
INSERT INTO `oderdetails` VALUES ('4', '510348759', '161', '1', '0000034.00', '1');
INSERT INTO `oderdetails` VALUES ('13', '580646525', '214', '1', '0000021.00', '0');
INSERT INTO `oderdetails` VALUES ('15', '580743139', '103', '1', '0000015.00', '1');
INSERT INTO `oderdetails` VALUES ('22', '1195380868', '99', '1', '0000011.00', '1');
INSERT INTO `oderdetails` VALUES ('23', '1200431449', '108', '2', '0000054.00', '0');
INSERT INTO `oderdetails` VALUES ('24', '1281265592', '118', '1', '0000027.00', '0');
INSERT INTO `oderdetails` VALUES ('25', '1281265592', '216', '1', '0000027.00', '0');

-- ----------------------------
-- Table structure for `user`
-- ----------------------------
DROP TABLE IF EXISTS `user`;
CREATE TABLE `user` (
  `id` int(20) NOT NULL AUTO_INCREMENT,
  `name` varchar(20) NOT NULL,
  `password` varchar(50) NOT NULL,
  `realname` varchar(20) NOT NULL,
  `sex` varchar(2) NOT NULL DEFAULT '男',
  `tel` varchar(20) NOT NULL,
  `email` varchar(20) DEFAULT NULL,
  `address` varchar(200) NOT NULL,
  `zipcode` int(20) DEFAULT NULL,
  `joindate` datetime DEFAULT NULL,
  `lastdate` datetime DEFAULT NULL,
  `members` int(2) DEFAULT '0',
  PRIMARY KEY (`id`)
) ENGINE=InnoDB AUTO_INCREMENT=28 DEFAULT CHARSET=utf8;

-- ----------------------------
-- Records of user
-- ----------------------------
INSERT INTO `user` VALUES ('1', '买买买', 'ppp', '孟卫波', '男', '13029727767', '562684394l@qq.com', '黑龙江省哈尔滨市南岗区学府路黑龙江大学A9', '151257', '2016-04-05 14:12:18', '2016-04-05 14:12:18', '1');
INSERT INTO `user` VALUES ('20', 'user', 'ee11cbb19052e40b07aac0ca060c23ee', 'aaaaa', '男', '11111111111', '111@qq.com', '黑龙江省哈尔滨市黑龙江大学', '111111', '2016-04-10 12:00:27', '2016-04-25 15:42:18', '1');
INSERT INTO `user` VALUES ('21', 'wnn', '96e79218965eb72c92a549dd5a330112', '魏楠', '男', '13112345678', 'weiann@weinan.com', '黑龙江省哈尔滨市黑龙江大学', '150080', '2016-04-16 17:19:50', '2016-04-16 17:20:39', '1');
INSERT INTO `user` VALUES ('22', '张东旭', '96e79218965eb72c92a549dd5a330112', '张东旭', '男', '13112345678', 'zdx@zdx.com', '黑龙江省哈尔滨市黑龙江大学', '111111', '2016-04-16 17:36:03', '2016-04-16 17:36:12', '1');
INSERT INTO `user` VALUES ('23', '吴晓海', '96e79218965eb72c92a549dd5a330112', '吴晓海', '男', '13112345678', 'wh@wh.com', '黑龙江省哈尔滨市黑龙江大学', '123456', '2016-04-16 17:57:53', '2016-04-16 17:36:12', '0');
INSERT INTO `user` VALUES ('24', 'liru', '96e79218965eb72c92a549dd5a330112', '李儒', '男', '13112345678', 'lr@lr.com', '黑龙江省哈尔滨市黑龙江大学', '123456', '2016-04-16 17:58:44', '2016-04-16 17:36:12', '0');
INSERT INTO `user` VALUES ('25', 'dongshuai', '96e79218965eb72c92a549dd5a330112', '董帅', '女', '13112345678', 'ds@ds.com', '黑龙江省哈尔滨市黑龙江大学', '123456', '2016-04-16 17:59:26', '2016-04-16 17:36:12', '0');
INSERT INTO `user` VALUES ('26', 'gaoxiang', '96e79218965eb72c92a549dd5a330112', '高翔', '女', '13112345678', 'gx@gx.com', '黑龙江省哈尔滨市黑龙江大学', '123456', '2016-04-16 18:00:14', '2016-04-16 17:36:12', '1');
INSERT INTO `user` VALUES ('27', '高才旭', '96e79218965eb72c92a549dd5a330112', '高才旭', '女', '13112345678', 'gcx@gcx.com', '黑龙江省哈尔滨市黑龙江大学', '123456', '2016-04-16 18:00:58', '2016-04-16 17:36:12', '0');
